"","V1","V2","V3","V4","V5","V6","V7","V8","V9","V10","V11","V12","V13","V14","V15","V16"
"cell_1","0","8","5","0","9","8","0","0","2","3","0","0","0","0","0","6"
"cell_2","0","8","5","0","9","8","0","0","2","3","0","0","0","0","0","6"
"cell_3","0","8","5","0","9","8","3","0","2","3","0","0","0","0","0","6"
"cell_4","0","8","5","0","9","8","3","0","2","3","0","0","0","0","0","6"
"cell_5","0","8","5","0","9","8","3","5","2","0","0","0","0","2","0","6"
"cell_6","0","8","5","0","9","8","3","5","2","0","0","0","0","2","0","6"
"cell_7","0","8","5","0","9","8","0","0","2","0","0","0","0","2","0","6"
"cell_8","0","8","5","0","9","8","0","0","2","0","0","0","0","2","0","6"
"cell_9","0","8","5","0","9","8","2","2","2","0","0","3","2","3","0","6"
"cell_10","0","8","5","0","9","8","2","2","2","0","0","3","2","3","0","6"
"cell_11","0","8","5","0","9","8","2","2","2","0","0","3","2","0","0","6"
"cell_12","0","8","5","0","9","8","2","2","2","0","0","3","2","0","0","6"
"cell_13","0","8","5","0","9","8","2","0","2","0","0","0","0","0","0","6"
"cell_14","0","8","5","0","9","8","2","0","2","0","0","0","0","0","0","6"
"cell_15","0","8","5","0","9","8","2","0","2","0","0","0","0","0","0","6"
"cell_16","0","8","5","0","9","8","2","0","2","0","0","0","0","0","0","6"
"cell_17","2","8","5","5","9","8","0","0","2","5","0","0","5","6","0","6"
"cell_18","2","8","5","5","9","8","0","0","2","5","0","0","5","6","0","6"
"cell_19","2","8","5","5","9","8","0","0","2","5","4","0","5","6","0","6"
"cell_20","2","8","5","5","9","8","0","0","2","5","4","0","5","6","0","6"
"cell_21","2","8","5","0","9","8","0","5","2","0","0","0","0","6","0","6"
"cell_22","2","8","5","0","9","8","0","5","2","0","0","0","0","6","0","6"
"cell_23","2","8","5","0","9","8","0","0","2","0","2","0","0","6","0","6"
"cell_24","2","8","5","0","9","8","0","0","2","0","2","0","0","6","0","6"
"cell_25","2","8","5","0","9","8","0","2","2","14","0","2","0","2","2","6"
"cell_26","2","8","5","0","9","8","0","2","2","14","0","2","0","2","2","6"
"cell_27","2","8","5","0","9","8","0","2","2","14","0","2","0","2","0","6"
"cell_28","2","8","5","0","9","8","0","2","2","14","0","2","0","2","0","6"
"cell_29","2","8","5","2","9","8","10","0","2","14","0","0","0","2","2","6"
"cell_30","2","8","5","2","9","8","10","0","2","14","0","0","0","2","2","6"
"cell_31","2","8","5","2","9","8","0","0","2","14","0","0","0","2","0","6"
"cell_32","2","8","5","2","9","8","0","0","2","14","0","0","0","2","0","6"
"cell_33","0","8","5","2","9","0","2","2","2","0","0","0","2","0","0","0"
"cell_34","0","8","5","2","9","0","2","2","2","0","0","0","2","0","0","0"
"cell_35","0","8","5","2","9","0","2","2","2","0","0","0","2","0","2","5"
"cell_36","0","8","5","2","9","0","2","2","2","0","0","0","2","0","2","5"
"cell_37","0","8","5","2","9","0","2","2","2","0","0","3","2","4","0","0"
"cell_38","0","8","5","2","9","0","2","2","2","0","0","3","2","4","0","0"
"cell_39","0","8","5","2","9","0","2","2","2","0","0","2","2","0","0","0"
"cell_40","0","8","5","2","9","0","2","2","2","0","0","2","2","0","0","0"
"cell_41","3","8","5","2","9","3","0","2","2","0","2","2","2","0","0","0"
"cell_42","3","8","5","2","9","3","0","2","2","0","2","2","2","0","0","0"
"cell_43","2","8","5","2","9","3","0","2","2","0","0","0","2","0","0","2"
"cell_44","2","8","5","2","9","3","0","2","2","0","0","0","2","0","0","2"
"cell_45","0","8","5","2","9","0","0","2","2","2","10","0","2","0","0","0"
"cell_46","0","8","5","2","9","0","0","2","2","2","10","0","2","0","0","0"
"cell_47","0","8","5","2","9","0","0","2","2","0","10","0","2","0","0","0"
"cell_48","0","8","5","2","9","0","0","2","2","0","10","0","2","0","0","0"
"cell_49","0","8","5","0","9","2","2","11","2","0","0","0","2","0","0","0"
"cell_50","0","8","5","0","9","2","2","11","2","0","0","0","2","0","0","0"
"cell_51","2","8","5","0","9","2","2","11","0","0","5","0","2","0","0","0"
"cell_52","2","8","5","0","9","2","2","11","0","0","5","0","2","0","0","0"
"cell_53","0","8","5","2","9","2","2","2","0","0","0","2","2","0","0","0"
"cell_54","0","8","5","2","9","2","2","2","0","0","0","2","2","0","0","0"
"cell_55","0","8","5","0","9","2","2","2","0","0","2","0","2","2","2","0"
"cell_56","0","8","5","0","9","2","2","2","0","0","2","0","2","2","2","0"
"cell_57","0","8","5","0","9","0","3","0","11","2","0","0","2","0","0","2"
"cell_58","0","8","5","0","9","0","3","0","11","2","0","0","2","0","0","2"
"cell_59","0","8","5","0","9","0","3","0","0","2","0","0","2","0","0","2"
"cell_60","0","8","5","0","9","0","3","0","0","2","0","0","2","0","0","2"
"cell_61","2","8","5","0","9","0","0","0","0","2","0","0","2","5","0","2"
"cell_62","2","8","5","0","9","0","0","0","0","2","0","0","2","5","0","2"
"cell_63","2","8","5","2","9","0","0","0","0","2","0","0","2","0","0","2"
"cell_64","2","8","5","2","9","0","0","0","0","2","0","0","2","0","0","2"
"cell_65","0","0","0","0","11","0","2","3","0","0","6","0","0","0","0","4"
"cell_66","0","0","0","0","11","0","2","3","0","0","6","0","0","0","0","4"
"cell_67","0","0","0","0","11","0","2","3","2","0","6","0","0","0","0","4"
"cell_68","0","0","0","0","11","0","2","3","2","0","6","0","0","0","0","4"
"cell_69","0","0","0","0","11","0","2","3","2","0","6","0","0","0","0","4"
"cell_70","0","0","0","0","11","0","2","3","2","0","6","0","0","0","0","4"
"cell_71","0","0","0","0","11","0","2","3","2","0","6","0","0","0","0","4"
"cell_72","0","0","0","0","11","0","2","3","2","0","6","0","0","0","0","4"
"cell_73","0","2","0","0","0","0","2","0","0","2","6","0","3","0","0","4"
"cell_74","0","2","0","0","0","0","2","0","0","2","6","0","3","0","0","4"
"cell_75","0","2","0","0","2","0","2","0","0","2","6","0","0","2","0","4"
"cell_76","0","2","0","0","2","0","2","0","0","2","6","0","0","2","0","4"
"cell_77","0","0","0","0","8","0","2","0","2","0","6","0","0","0","0","4"
"cell_78","0","0","0","0","8","0","2","0","2","0","6","0","0","0","0","4"
"cell_79","0","0","0","0","0","0","2","0","0","2","6","2","2","0","2","4"
"cell_80","0","0","0","0","0","0","2","0","0","2","6","2","2","0","2","4"
"cell_81","2","0","0","0","2","5","2","0","0","0","6","0","0","0","0","4"
"cell_82","2","0","0","0","2","5","2","0","0","0","6","0","0","0","0","4"
"cell_83","2","0","0","0","2","0","2","2","0","0","6","0","0","0","0","4"
"cell_84","2","0","0","0","2","0","2","2","0","0","6","0","0","0","0","4"
"cell_85","2","0","5","0","2","0","2","0","0","0","6","0","3","0","0","4"
"cell_86","2","0","5","0","2","0","2","0","0","0","6","0","3","0","0","4"
"cell_87","2","0","0","0","2","0","2","0","0","0","6","0","3","0","0","4"
"cell_88","2","0","0","0","2","0","2","0","0","0","6","0","3","0","0","4"
"cell_89","2","10","0","0","0","0","2","0","2","21","6","0","0","2","0","4"
"cell_90","2","10","0","0","0","0","2","0","2","21","6","0","0","2","0","4"
"cell_91","2","0","0","0","5","0","2","0","2","21","6","0","0","2","0","4"
"cell_92","2","0","0","0","5","0","2","0","2","21","6","0","0","2","0","4"
"cell_93","2","0","0","0","0","0","2","0","0","21","6","0","0","2","0","4"
"cell_94","2","0","0","0","0","0","2","0","0","21","6","0","0","2","0","4"
"cell_95","2","0","0","0","0","0","2","0","0","21","6","0","0","2","0","4"
"cell_96","2","0","0","0","0","0","2","0","0","21","6","0","0","2","0","4"
"cell_97","0","0","0","0","0","5","2","5","0","2","0","0","0","2","5","4"
"cell_98","0","0","0","0","0","5","2","5","0","2","0","0","0","2","5","4"
"cell_99","0","0","0","0","0","0","2","5","0","2","0","0","0","0","5","4"
"cell_100","0","0","0","0","0","0","2","5","0","2","0","0","0","0","5","4"
"cell_101","0","0","4","0","0","0","2","5","0","2","0","0","0","0","5","4"
"cell_102","0","0","4","0","0","0","2","5","0","2","0","0","0","0","5","4"
"cell_103","0","0","4","0","0","4","2","5","0","2","0","0","0","0","5","4"
"cell_104","0","0","4","0","0","4","2","5","0","2","0","0","0","0","5","4"
"cell_105","0","2","0","0","2","2","2","2","0","2","0","0","5","0","5","4"
"cell_106","0","2","0","0","2","2","2","2","0","2","0","0","5","0","5","4"
"cell_107","0","2","0","0","0","2","2","0","0","2","0","0","5","0","5","4"
"cell_108","0","2","0","0","0","2","2","0","0","2","0","0","5","0","5","4"
"cell_109","0","0","0","2","0","0","2","0","5","2","0","2","0","0","5","4"
"cell_110","0","0","0","2","0","0","2","0","5","2","0","2","0","0","5","4"
"cell_111","2","2","0","0","0","9","2","16","0","2","0","2","0","0","5","4"
"cell_112","2","2","0","0","0","9","2","16","0","2","0","2","0","0","5","4"
"cell_113","4","0","0","0","0","0","2","39","0","4","0","0","2","5","0","4"
"cell_114","4","0","0","0","0","0","2","39","0","4","0","0","2","5","0","4"
"cell_115","4","5","0","0","0","0","2","39","0","4","0","0","2","5","0","4"
"cell_116","4","5","0","0","0","0","2","39","0","4","0","0","2","5","0","4"
"cell_117","4","2","0","3","0","0","2","39","0","4","0","0","2","3","0","4"
"cell_118","4","2","0","3","0","0","2","39","0","4","0","0","2","3","0","4"
"cell_119","4","2","0","0","0","0","2","39","2","4","0","0","2","0","0","4"
"cell_120","4","2","0","0","0","0","2","39","2","4","0","0","2","0","0","4"
"cell_121","4","5","0","0","2","5","2","39","0","4","0","0","2","0","0","4"
"cell_122","4","5","0","0","2","5","2","39","0","4","0","0","2","0","0","4"
"cell_123","4","0","0","0","0","5","2","39","0","4","0","0","2","0","0","4"
"cell_124","4","0","0","0","0","5","2","39","0","4","0","0","2","0","0","4"
"cell_125","4","0","0","0","0","0","2","39","0","4","0","0","2","3","0","4"
"cell_126","4","0","0","0","0","0","2","39","0","4","0","0","2","3","0","4"
"cell_127","4","0","0","0","0","0","2","39","2","4","0","0","2","0","0","4"
"cell_128","4","0","0","0","0","0","2","39","2","4","0","0","2","0","0","4"
"cell_129","0","0","4","0","0","2","4","0","32","3","0","5","0","0","0","3"
"cell_130","0","0","4","0","0","2","4","0","32","3","0","5","0","0","0","3"
"cell_131","0","2","4","0","0","2","0","0","32","3","0","0","0","0","2","3"
"cell_132","0","2","4","0","0","2","0","0","32","3","0","0","0","0","2","3"
"cell_133","5","6","4","2","0","2","0","0","0","3","0","0","0","0","0","3"
"cell_134","5","6","4","2","0","2","0","0","0","3","0","0","0","0","0","3"
"cell_135","0","6","4","2","0","2","0","0","0","3","0","0","0","0","0","3"
"cell_136","0","6","4","2","0","2","0","0","0","3","0","0","0","0","0","3"
"cell_137","0","3","4","3","0","2","0","0","0","0","0","0","2","5","2","3"
"cell_138","0","3","4","3","0","2","0","0","0","0","0","0","2","5","2","3"
"cell_139","0","3","4","0","0","2","0","2","0","0","2","0","0","5","2","3"
"cell_140","0","3","4","0","0","2","0","2","0","0","2","0","0","5","2","3"
"cell_141","0","3","4","0","0","2","0","0","0","4","0","0","0","0","2","3"
"cell_142","0","3","4","0","0","2","0","0","0","4","0","0","0","0","2","3"
"cell_143","0","3","4","0","0","2","0","0","0","0","2","0","0","4","2","3"
"cell_144","0","3","4","0","0","2","0","0","0","0","2","0","0","4","2","3"
"cell_145","0","3","5","0","5","2","0","8","0","0","5","5","0","2","0","3"
"cell_146","0","3","5","0","5","2","0","8","0","0","5","5","0","2","0","3"
"cell_147","0","3","5","0","0","2","0","8","0","0","4","5","0","2","0","3"
"cell_148","0","3","5","0","0","2","0","8","0","0","4","5","0","2","0","3"
"cell_149","0","0","5","2","2","2","0","8","0","0","0","5","0","2","2","3"
"cell_150","0","0","5","2","2","2","0","8","0","0","0","5","0","2","2","3"
"cell_151","0","0","5","0","2","2","2","8","0","0","0","5","0","2","2","3"
"cell_152","0","0","5","0","2","2","2","8","0","0","0","5","0","2","2","3"
"cell_153","0","0","5","2","0","2","0","8","2","0","2","5","0","0","0","3"
"cell_154","0","0","5","2","0","2","0","8","2","0","2","5","0","0","0","3"
"cell_155","0","0","5","2","0","2","0","8","2","0","2","5","2","0","3","3"
"cell_156","0","0","5","2","0","2","0","8","2","0","2","5","2","0","3","3"
"cell_157","0","0","5","0","0","2","0","8","2","0","2","5","0","0","0","3"
"cell_158","0","0","5","0","0","2","0","8","2","0","2","5","0","0","0","3"
"cell_159","0","0","5","0","0","2","0","8","2","0","2","5","0","0","0","3"
"cell_160","0","0","5","0","0","2","0","8","2","0","2","5","0","0","0","3"
"cell_161","0","2","0","4","0","2","2","3","2","0","0","5","5","0","2","0"
"cell_162","0","2","0","4","0","2","2","3","2","0","0","5","5","0","2","0"
"cell_163","0","2","0","0","3","2","0","3","2","0","0","5","5","0","2","0"
"cell_164","0","2","0","0","3","2","0","3","2","0","0","5","5","0","2","0"
"cell_165","46","2","3","0","0","2","0","3","2","0","0","5","5","0","2","0"
"cell_166","46","2","3","0","0","2","0","3","2","0","0","5","5","0","2","0"
"cell_167","46","2","0","0","0","2","0","3","2","0","0","5","5","0","2","0"
"cell_168","46","2","0","0","0","2","0","3","2","0","0","5","5","0","2","0"
"cell_169","0","2","0","0","0","2","0","0","2","0","4","5","0","12","4","0"
"cell_170","0","2","0","0","0","2","0","0","2","0","4","5","0","12","4","0"
"cell_171","0","2","0","0","0","2","0","0","2","2","4","5","0","12","0","0"
"cell_172","0","2","0","0","0","2","0","0","2","2","4","5","0","12","0","0"
"cell_173","0","2","0","13","0","2","0","0","2","0","0","5","0","0","0","0"
"cell_174","0","2","0","13","0","2","0","0","2","0","0","5","0","0","0","0"
"cell_175","5","2","0","13","2","2","0","0","2","0","0","5","5","0","0","0"
"cell_176","5","2","0","13","2","2","0","0","2","0","0","5","5","0","0","0"
"cell_177","0","2","0","0","2","2","0","0","2","0","3","5","0","0","2","3"
"cell_178","0","2","0","0","2","2","0","0","2","0","3","5","0","0","2","3"
"cell_179","0","2","2","23","2","2","0","0","2","0","0","5","0","0","0","3"
"cell_180","0","2","2","23","2","2","0","0","2","0","0","5","0","0","0","3"
"cell_181","0","2","0","0","2","2","0","0","2","0","0","5","3","0","6","3"
"cell_182","0","2","0","0","2","2","0","0","2","0","0","5","3","0","6","3"
"cell_183","0","2","0","0","2","2","0","0","2","0","0","5","0","0","6","3"
"cell_184","0","2","0","0","2","2","0","0","2","0","0","5","0","0","6","3"
"cell_185","2","2","2","0","0","2","0","0","2","3","0","5","0","0","0","0"
"cell_186","2","2","2","0","0","2","0","0","2","3","0","5","0","0","0","0"
"cell_187","2","2","2","0","0","2","0","0","2","3","0","5","0","0","0","0"
"cell_188","2","2","2","0","0","2","0","0","2","3","0","5","0","0","0","0"
"cell_189","0","2","2","0","0","2","3","0","2","0","5","5","0","0","2","0"
"cell_190","0","2","2","0","0","2","3","0","2","0","5","5","0","0","2","0"
"cell_191","0","2","2","0","0","2","4","3","2","0","5","5","0","0","2","0"
"cell_192","0","2","2","0","0","2","4","3","2","0","5","5","0","0","2","0"
"cell_193","0","0","4","0","0","2","0","0","2","0","5","0","0","0","0","2"
"cell_194","0","0","4","0","0","2","0","0","2","0","5","0","0","0","0","2"
"cell_195","0","0","0","0","0","2","0","0","2","0","5","2","0","0","0","2"
"cell_196","0","0","0","0","0","2","0","0","2","0","5","2","0","0","0","2"
"cell_197","0","0","0","0","2","2","0","0","2","0","5","0","0","0","0","2"
"cell_198","0","0","0","0","2","2","0","0","2","0","5","0","0","0","0","2"
"cell_199","0","0","0","0","2","2","0","0","2","0","5","0","0","3","0","2"
"cell_200","0","0","0","0","2","2","0","0","2","0","5","0","0","3","0","2"
"cell_201","0","2","0","0","2","2","0","0","2","0","5","0","0","0","0","2"
"cell_202","0","2","0","0","2","2","0","0","2","0","5","0","0","0","0","2"
"cell_203","0","2","0","0","0","2","0","0","2","0","5","0","0","0","0","2"
"cell_204","0","2","0","0","0","2","0","0","2","0","5","0","0","0","0","2"
"cell_205","0","2","0","0","0","2","0","0","2","4","5","0","0","2","0","2"
"cell_206","0","2","0","0","0","2","0","0","2","4","5","0","0","2","0","2"
"cell_207","0","2","0","0","0","2","0","0","2","4","5","0","0","2","0","2"
"cell_208","0","2","0","0","0","2","0","0","2","4","5","0","0","2","0","2"
"cell_209","0","0","0","0","10","2","0","2","9","0","0","0","0","5","0","2"
"cell_210","0","0","0","0","10","2","0","2","9","0","0","0","0","5","0","2"
"cell_211","0","0","0","0","10","2","0","2","9","0","0","0","0","0","0","2"
"cell_212","0","0","0","0","10","2","0","2","9","0","0","0","0","0","0","2"
"cell_213","0","0","0","0","10","2","0","2","9","0","0","0","0","0","0","2"
"cell_214","0","0","0","0","10","2","0","2","9","0","0","0","0","0","0","2"
"cell_215","0","0","0","0","10","2","0","2","9","2","0","0","0","0","0","2"
"cell_216","0","0","0","0","10","2","0","2","9","2","0","0","0","0","0","2"
"cell_217","0","2","0","2","2","2","0","2","0","2","0","3","0","0","2","2"
"cell_218","0","2","0","2","2","2","0","2","0","2","0","3","0","0","2","2"
"cell_219","0","2","0","2","2","2","0","2","0","0","0","3","0","0","0","2"
"cell_220","0","2","0","2","2","2","0","2","0","0","0","3","0","0","0","2"
"cell_221","0","0","2","2","2","2","0","2","0","0","0","3","2","0","0","2"
"cell_222","0","0","2","2","2","2","0","2","0","0","0","3","2","0","0","2"
"cell_223","0","10","2","2","2","2","4","2","0","0","0","3","0","0","0","2"
"cell_224","0","10","2","2","2","2","4","2","0","0","0","3","0","0","0","2"
"cell_225","11","0","3","2","2","2","12","0","4","0","2","5","0","0","0","5"
"cell_226","11","0","3","2","2","2","12","0","4","0","2","5","0","0","0","5"
"cell_227","11","0","0","2","2","2","12","0","4","0","2","5","2","0","0","5"
"cell_228","11","0","0","2","2","2","12","0","4","0","2","5","2","0","0","5"
"cell_229","11","0","0","0","2","2","12","4","4","0","2","5","0","0","0","5"
"cell_230","11","0","0","0","2","2","12","4","4","0","2","5","0","0","0","5"
"cell_231","11","0","0","0","2","2","12","4","4","0","2","5","0","0","0","5"
"cell_232","11","0","0","0","2","2","12","4","4","0","2","5","0","0","0","5"
"cell_233","11","0","0","0","2","2","12","0","4","2","2","5","2","0","0","5"
"cell_234","11","0","0","0","2","2","12","0","4","2","2","5","2","0","0","5"
"cell_235","11","0","2","0","2","2","12","0","4","2","2","5","2","0","0","5"
"cell_236","11","0","2","0","2","2","12","0","4","2","2","5","2","0","0","5"
"cell_237","11","0","0","0","2","2","12","5","4","0","2","5","2","0","0","5"
"cell_238","11","0","0","0","2","2","12","5","4","0","2","5","2","0","0","5"
"cell_239","11","0","0","0","2","2","12","5","4","0","2","5","2","0","0","5"
"cell_240","11","0","0","0","2","2","12","5","4","0","2","5","2","0","0","5"
"cell_241","11","0","0","0","0","2","12","0","0","2","0","5","0","0","0","0"
"cell_242","11","0","0","0","0","2","12","0","0","2","0","5","0","0","0","0"
"cell_243","11","0","0","0","0","2","12","0","11","2","2","5","0","0","0","0"
"cell_244","11","0","0","0","0","2","12","0","11","2","2","5","0","0","0","0"
"cell_245","11","9","0","0","0","2","12","0","0","0","0","5","0","0","2","0"
"cell_246","11","9","0","0","0","2","12","0","0","0","0","5","0","0","2","0"
"cell_247","11","9","0","0","0","2","12","0","0","0","2","5","0","9","2","0"
"cell_248","11","9","0","0","0","2","12","0","0","0","2","5","0","9","2","0"
"cell_249","11","5","0","5","4","2","12","0","5","0","0","5","5","0","36","0"
"cell_250","11","5","0","5","4","2","12","0","5","0","0","5","5","0","36","0"
"cell_251","11","5","0","0","4","2","12","0","5","0","2","5","5","0","2","0"
"cell_252","11","5","0","0","4","2","12","0","5","0","2","5","5","0","2","0"
"cell_253","11","0","0","0","4","2","12","0","0","0","0","5","5","2","2","0"
"cell_254","11","0","0","0","4","2","12","0","0","0","0","5","5","2","2","0"
"cell_255","11","0","0","2","4","2","12","0","0","0","2","5","5","2","2","0"
"cell_256","11","0","0","2","4","2","12","0","0","0","2","5","5","2","2","0"
