"","V1","V2","V3","V4","V5","V6","V7","V8","V9","V10","V11","V12","V13","V14","V15","V16","V17","V18","V19","V20","V21","V22","V23","V24","V25","V26","V27","V28","V29","V30","V31","V32","V33","V34","V35","V36","V37","V38","V39","V40","V41","V42","V43","V44","V45","V46","V47","V48","V49","V50","V51","V52","V53","V54","V55","V56","V57","V58","V59","V60","V61","V62","V63","V64"
"cell_225","2","2","0","5","0","2","0","10","33","0","0","2","4","2","0","0","0","0","2","5","0","0","0","0","0","0","3","0","0","0","2","6","0","2","0","0","0","0","2","0","2","3","3","0","2","5","0","0","9","0","74","0","0","2","0","3","2","2","35","0","3","0","0","2"
"cell_94","5","0","0","0","2","2","2","2","2","0","0","3","0","2","0","2","5","0","0","2","0","0","2","2","0","2","2","0","3","2","0","0","0","0","0","2","0","51","2","0","2","2","0","2","0","3","0","2","2","0","0","3","0","0","0","0","2","0","2","2","2","0","0","4"
"cell_57","0","0","0","12","0","2","0","0","0","0","7","0","12","0","5","2","0","2","3","2","0","0","0","2","2","2","2","2","2","2","2","0","0","0","5","0","0","2","0","0","2","2","0","2","0","3","0","0","0","0","8","5","18","2","0","0","2","2","2","2","0","0","2","3"
"cell_27","0","2","0","12","5","2","0","0","0","5","7","0","12","0","5","0","3","2","5","2","0","0","0","2","0","2","2","2","0","0","2","0","2","0","0","0","5","2","0","2","2","2","2","0","2","3","2","0","0","0","8","8","0","0","2","0","27","2","2","8","2","2","2","0"
"cell_40","0","0","0","12","0","2","3","0","0","2","7","2","12","0","5","2","0","2","3","2","0","0","0","2","0","2","2","0","2","0","2","0","0","2","5","0","0","0","0","2","2","2","0","0","0","3","2","3","0","2","8","0","18","0","0","0","0","2","2","0","0","0","2","0"
"cell_246","2","2","0","5","0","0","0","10","0","0","2","2","4","8","0","2","0","0","2","5","2","0","0","2","0","0","3","3","0","0","2","6","0","0","2","3","0","0","0","0","2","0","3","3","2","5","0","2","9","0","3","0","8","0","2","3","0","2","35","2","0","0","0","0"
"cell_52","0","0","0","12","2","2","0","0","3","0","7","3","12","0","5","2","0","2","2","2","0","0","0","2","2","2","2","0","2","0","2","2","0","0","5","0","0","0","0","0","2","2","2","0","0","3","0","2","8","2","8","5","18","2","0","2","0","2","2","0","2","2","2","0"
"cell_151","0","0","5","5","2","0","2","4","0","0","0","8","0","0","9","3","0","0","0","0","0","0","8","5","0","0","0","0","9","2","2","6","3","2","0","0","0","0","0","0","2","0","3","0","0","2","0","0","0","2","2","0","0","0","0","2","2","0","0","5","0","2","0","0"
"cell_2","3","2","0","12","0","2","0","0","0","0","7","0","12","5","5","2","0","3","0","2","0","2","0","2","29","2","2","2","2","0","2","0","0","0","2","2","0","0","2","0","2","2","0","3","2","3","2","0","0","0","8","0","40","0","2","0","27","2","2","0","0","2","2","4"
"cell_250","2","2","0","5","0","0","0","10","0","0","0","2","4","0","5","0","2","0","2","5","0","0","0","2","2","3","3","0","0","0","2","6","5","0","2","3","0","0","2","0","2","10","3","3","2","5","0","2","9","2","2","0","0","0","2","3","0","2","35","0","2","6","2","0"
"cell_87","5","0","0","0","2","2","0","2","2","0","0","3","2","2","0","2","5","3","0","2","0","0","2","2","0","2","2","2","3","0","0","0","3","0","0","0","0","51","2","0","2","2","2","0","2","3","2","2","2","0","0","3","0","0","0","0","0","0","0","4","5","0","0","4"
"cell_198","2","0","0","5","2","5","3","10","2","2","0","2","0","0","2","12","0","2","2","5","0","21","0","0","3","5","3","2","0","0","3","6","0","0","2","29","2","2","0","2","2","0","3","0","0","2","0","2","2","2","0","0","2","10","3","3","2","2","35","0","0","0","5","0"
"cell_177","0","0","2","5","8","2","0","4","0","0","2","0","2","0","2","2","0","0","2","2","2","0","0","0","0","3","0","0","0","2","2","6","0","0","0","5","0","0","6","0","2","8","0","0","0","2","0","2","0","2","2","0","5","0","2","0","5","0","2","0","0","0","0","2"
"cell_157","0","3","5","5","2","4","2","4","0","0","0","2","0","0","0","3","0","0","0","0","3","0","8","5","0","0","0","2","9","2","2","6","3","0","3","0","0","0","5","0","2","2","0","0","2","2","0","5","12","2","2","2","0","2","0","2","2","0","0","2","0","0","12","0"
"cell_209","2","0","0","5","3","0","3","10","0","0","3","2","0","6","0","12","0","4","2","5","0","2","0","0","0","0","0","0","0","0","3","6","0","0","2","0","2","2","0","0","2","0","3","0","9","21","12","0","5","2","0","2","2","2","0","3","2","2","35","0","0","0","0","0"
"cell_220","2","2","0","5","23","0","3","10","0","0","0","2","4","0","0","12","0","4","2","5","0","0","0","0","0","0","0","0","0","0","3","6","0","0","2","0","2","2","0","0","2","0","3","0","0","0","0","0","5","2","0","2","0","0","5","3","2","2","35","0","0","4","0","2"
"cell_104","0","2","3","0","2","2","0","0","2","2","2","0","2","2","0","2","5","2","2","2","0","2","2","0","0","2","2","0","3","0","2","0","4","2","4","0","0","51","0","0","2","2","2","0","0","3","0","0","3","0","0","0","0","0","0","3","0","6","2","5","0","2","0","25"
"cell_243","2","2","3","5","0","0","0","10","0","0","2","2","4","0","0","2","0","0","2","5","0","0","0","2","3","0","3","0","0","0","0","6","0","0","0","3","0","0","0","0","2","5","3","3","2","5","0","2","9","0","3","0","8","0","2","3","0","2","35","0","19","0","0","0"
"cell_84","5","0","0","0","2","2","0","2","2","0","0","3","2","2","12","2","5","0","0","2","0","0","2","2","0","2","2","0","3","0","0","0","3","0","0","0","0","51","2","0","2","2","0","0","3","3","0","2","2","2","0","3","5","0","0","0","2","0","0","0","5","0","0","4"
"cell_150","0","0","5","5","2","0","2","4","0","0","2","0","0","0","0","3","9","0","0","0","0","0","8","5","0","0","0","0","9","2","2","6","3","2","0","0","0","0","0","0","2","0","3","0","0","2","0","0","14","2","2","0","0","0","0","2","2","0","0","5","21","2","2","0"
"cell_219","2","2","0","5","23","0","3","10","0","0","0","2","4","0","0","12","0","4","2","5","0","0","0","0","0","0","0","0","0","0","3","6","0","0","2","0","2","2","0","0","2","0","3","0","0","0","0","0","5","2","0","2","0","0","5","3","2","2","35","0","0","4","0","2"
"cell_200","2","0","0","5","2","0","3","10","2","2","0","2","0","0","2","12","0","2","2","5","0","21","0","0","3","5","0","2","0","2","3","6","0","4","2","29","2","2","0","3","2","0","3","2","0","2","0","2","0","2","0","5","2","0","3","3","2","2","35","0","0","0","5","0"
"cell_164","5","0","0","5","8","5","2","4","0","0","0","0","0","0","2","3","0","3","2","0","2","0","0","3","0","3","0","0","0","2","2","6","0","0","3","5","0","0","0","7","2","8","0","0","0","2","0","0","2","2","2","13","0","0","0","0","0","0","0","0","0","5","0","8"
"cell_186","2","0","0","5","8","2","0","4","0","0","3","0","2","0","0","0","0","32","0","2","2","0","3","5","0","3","0","0","0","2","2","6","0","0","0","5","0","0","6","0","2","8","0","0","5","2","0","2","0","2","2","5","0","0","2","0","2","0","2","0","2","0","3","0"
"cell_234","2","2","2","5","0","0","0","10","23","0","2","2","4","2","0","0","10","0","2","5","0","0","0","2","3","0","3","0","3","0","0","6","2","0","4","0","0","0","0","2","2","0","3","0","2","5","0","0","9","0","0","0","0","2","5","3","2","2","35","0","3","0","2","2"
"cell_62","0","2","0","12","0","2","2","0","0","0","7","0","12","0","5","2","0","2","3","2","0","0","0","2","2","2","2","0","2","2","2","4","0","0","5","2","0","0","3","0","2","2","0","0","5","3","0","0","0","0","8","5","18","0","0","0","0","2","2","0","0","0","2","3"
"cell_91","5","0","2","0","2","2","2","2","2","0","2","3","0","2","0","2","5","0","0","2","3","0","2","2","0","2","2","0","3","0","0","0","0","0","0","2","0","51","2","0","2","2","5","2","0","3","0","2","2","0","2","3","0","0","0","0","2","0","0","0","2","0","0","4"
"cell_95","5","0","0","0","2","2","2","2","2","0","0","3","5","2","0","2","5","0","0","2","0","0","2","2","0","2","2","5","3","0","0","0","0","0","0","2","0","51","2","2","2","2","0","2","0","3","0","2","2","2","0","3","0","0","0","0","0","4","3","0","2","0","0","4"
"cell_39","0","0","0","12","0","2","3","0","0","2","7","2","12","0","5","2","0","2","3","2","0","0","0","2","0","2","2","0","2","0","2","0","0","2","5","0","0","0","0","2","2","2","0","0","0","3","2","3","0","2","8","0","18","0","0","0","0","2","2","0","0","0","2","0"
"cell_187","2","0","0","5","8","2","0","4","0","0","3","0","2","0","0","0","0","32","4","2","2","0","3","5","0","3","0","0","0","2","2","6","0","0","0","5","0","0","6","0","2","8","0","0","5","2","0","2","0","2","2","0","0","0","2","0","2","0","2","0","2","0","3","0"
"cell_210","2","0","0","5","3","0","3","10","0","0","3","2","0","6","0","12","0","4","2","5","0","2","0","0","0","0","0","0","0","0","3","6","0","0","2","0","2","2","0","0","2","0","3","0","9","21","12","0","5","2","0","2","2","2","0","3","2","2","35","0","0","0","0","0"
"cell_240","2","2","0","5","0","0","0","10","0","0","0","2","4","2","0","0","10","0","2","5","0","0","0","2","3","2","3","4","0","0","0","6","0","6","0","0","0","5","0","0","2","2","3","0","2","5","0","0","9","0","0","0","0","2","0","3","2","2","35","5","3","0","11","0"
"cell_184","3","0","2","5","8","2","4","4","0","0","2","0","2","0","2","2","0","2","2","2","2","5","0","0","0","3","0","0","0","2","2","6","2","0","0","5","0","0","6","0","2","8","0","0","0","2","0","2","0","2","2","0","0","0","2","0","0","0","2","0","0","3","0","2"
"cell_197","2","0","0","5","2","5","3","10","2","2","0","2","0","0","2","12","0","2","2","5","0","21","0","0","3","5","3","2","0","0","3","6","0","0","2","29","2","2","0","2","2","0","3","0","0","2","0","2","2","2","0","0","2","10","3","3","2","2","35","0","0","0","5","0"
"cell_115","2","0","15","0","2","2","0","0","2","0","0","2","0","2","2","2","2","2","2","2","9","3","2","0","4","2","2","0","3","0","4","0","3","0","4","0","0","51","12","0","2","2","0","0","5","3","0","0","0","0","0","3","2","0","0","0","10","0","2","2","0","2","0","25"
"cell_205","2","0","0","5","2","29","3","10","0","2","2","2","132","0","2","12","0","2","2","5","0","0","0","0","0","0","0","0","5","0","3","6","0","0","2","0","2","2","2","0","2","0","3","0","0","2","0","0","0","2","5","0","2","0","3","3","2","2","35","0","0","0","2","0"
"cell_24","2","2","0","12","0","2","0","0","16","0","7","0","12","0","5","0","3","2","0","2","2","0","0","2","0","2","2","0","5","0","2","0","5","2","0","0","0","2","0","0","2","2","0","0","2","3","2","0","9","0","8","0","2","0","2","0","27","2","2","8","0","2","2","0"
"cell_5","3","2","0","12","2","2","2","12","0","0","7","0","12","5","5","0","0","0","2","2","0","2","85","2","2","2","2","2","2","0","2","0","0","2","0","2","0","0","2","0","2","2","0","3","2","3","2","79","0","0","8","0","0","0","2","0","27","2","2","0","0","2","2","2"
"cell_155","2","3","5","5","2","0","2","4","0","0","0","2","0","0","0","3","0","0","0","0","3","0","8","5","5","0","2","2","9","2","2","6","3","0","3","0","0","5","0","0","2","0","3","2","0","2","0","0","2","2","2","2","0","2","0","2","2","2","0","2","3","0","0","2"
"cell_109","38","0","2","0","2","2","0","0","2","2","0","0","0","2","2","2","0","2","2","2","2","0","2","5","0","2","2","0","3","0","0","0","4","2","4","8","0","51","3","0","2","2","2","0","0","3","0","0","0","2","0","0","0","0","0","3","0","6","0","0","0","0","2","25"
"cell_129","5","0","0","5","0","2","2","4","0","0","3","0","0","0","2","0","12","0","3","0","0","0","0","5","0","12","0","0","0","2","2","6","3","3","2","0","0","0","0","0","2","0","0","0","0","2","0","0","0","2","2","0","0","0","2","0","0","0","0","0","0","0","0","0"
"cell_131","5","0","0","5","0","2","2","4","0","2","3","0","0","0","2","0","0","0","3","2","2","0","0","5","0","12","0","46","0","2","2","6","3","0","0","0","0","2","0","0","2","0","0","0","0","2","0","0","0","2","2","0","0","0","2","0","0","0","0","0","0","0","0","0"
"cell_108","38","0","2","0","2","2","0","0","2","0","0","3","0","2","0","2","0","2","2","2","0","8","2","5","0","2","2","0","3","0","0","2","4","2","4","8","0","51","0","0","2","2","2","0","0","3","2","0","0","0","2","0","0","2","0","3","3","6","3","0","0","0","0","25"
"cell_224","2","0","0","5","3","0","3","10","5","0","0","2","0","0","0","12","0","4","2","5","4","0","0","0","64","0","0","0","0","0","3","6","0","0","2","5","2","2","0","0","2","0","3","0","0","0","0","0","5","2","0","2","0","0","5","3","2","2","35","0","2","0","2","0"
"cell_11","3","2","0","12","0","2","2","0","0","2","7","0","12","0","5","0","0","0","0","2","0","0","0","2","0","2","2","2","2","0","2","5","0","0","0","2","0","0","2","3","2","2","0","8","2","3","2","0","0","0","8","2","0","2","2","9","27","2","2","0","0","2","2","0"
"cell_16","3","2","0","12","0","2","0","0","0","2","7","0","12","0","5","5","0","5","0","2","0","0","0","2","0","2","2","2","2","8","2","5","0","2","0","2","0","0","2","3","2","2","0","8","2","3","2","0","0","0","8","0","0","0","2","0","27","2","2","2","4","2","2","3"
"cell_175","2","0","0","5","8","0","22","4","2","0","0","0","0","8","0","0","0","5","0","3","2","0","0","0","0","3","0","2","2","2","0","6","5","0","2","5","0","0","2","0","2","8","0","0","2","2","0","0","0","2","2","13","0","0","21","2","0","2","0","0","0","0","0","8"
"cell_90","5","0","2","0","2","2","2","2","2","0","2","3","0","2","0","2","5","0","0","2","0","0","2","2","0","2","2","0","3","0","0","0","0","0","0","2","0","51","2","0","2","2","5","2","0","3","3","2","2","0","2","3","2","0","0","0","2","0","0","0","2","0","0","4"
"cell_82","5","0","0","0","2","2","2","2","2","0","0","3","2","2","0","2","5","0","0","2","0","0","2","2","2","2","2","0","3","0","0","2","3","0","3","0","0","51","2","0","2","2","2","0","0","3","2","2","2","2","0","3","5","0","0","0","0","5","0","2","5","0","0","4"
"cell_20","2","2","0","12","0","2","0","0","16","0","7","12","12","0","5","2","3","2","0","2","0","0","2","2","0","2","2","0","0","3","2","10","2","0","8","0","0","2","0","0","2","2","0","0","2","3","2","0","9","3","8","0","0","0","2","0","27","2","2","8","0","2","2","0"
"cell_75","5","2","0","0","2","2","2","0","2","0","0","2","0","2","3","2","0","52","0","2","4","0","2","2","0","2","2","0","3","2","0","2","0","0","0","2","2","51","2","0","2","2","0","0","2","3","0","2","2","3","9","3","0","0","0","0","2","0","2","0","0","0","2","4"
"cell_145","0","0","5","5","2","0","2","4","0","0","0","0","2","0","0","3","0","0","0","0","2","3","8","5","0","5","0","0","9","2","2","6","3","0","3","0","0","0","0","0","2","0","0","0","0","2","0","0","0","2","2","0","0","2","2","2","2","0","0","0","0","2","2","0"
"cell_134","5","0","0","5","0","2","2","4","0","0","3","0","0","5","2","5","0","0","0","0","0","0","0","5","0","12","0","0","2","2","2","6","3","0","0","0","0","0","2","0","2","0","0","0","4","2","0","15","2","2","2","0","0","4","0","2","0","0","0","0","0","0","0","0"
"cell_83","5","0","0","0","2","2","0","2","2","0","0","3","2","2","12","2","5","0","0","2","0","0","2","2","0","2","2","0","3","0","0","0","3","0","0","0","0","51","2","0","2","2","0","0","3","3","0","2","2","2","0","3","5","0","0","0","2","0","0","0","5","0","0","4"
"cell_212","2","0","0","5","3","0","3","10","0","0","3","2","0","2","0","12","0","4","2","5","0","2","0","0","0","0","0","0","0","0","3","6","0","0","2","0","2","2","0","0","2","0","3","0","9","21","12","0","5","2","0","2","0","0","2","3","2","2","35","0","0","0","0","0"
"cell_113","2","0","15","0","2","2","0","0","2","0","0","2","0","2","2","2","2","2","2","2","9","3","2","25","4","2","2","0","3","0","4","0","3","0","4","0","0","51","12","0","2","2","0","0","5","3","0","0","0","0","0","3","2","0","0","0","10","0","2","2","0","2","0","25"
"cell_153","3","3","5","5","2","0","2","4","0","0","0","2","0","0","0","3","0","0","0","0","3","0","8","5","5","2","2","2","9","2","2","6","3","0","0","0","0","0","0","0","2","0","3","2","0","2","0","0","2","2","2","0","0","2","0","2","2","0","0","2","0","0","0","0"
"cell_208","2","0","0","5","2","29","3","10","0","2","0","2","0","0","2","12","0","2","2","5","10","0","0","0","0","0","0","0","0","0","3","6","0","0","2","0","2","2","2","0","2","3","3","0","0","2","0","0","0","2","5","0","0","0","3","3","2","2","35","0","0","0","2","0"
"cell_35","0","0","0","12","0","2","0","0","0","2","7","2","12","0","5","2","0","0","3","2","0","0","0","2","0","2","2","0","2","0","2","0","2","2","5","0","0","0","0","0","2","2","0","0","0","3","2","3","0","0","8","0","18","5","0","0","0","2","2","0","0","0","2","0"
"cell_120","2","0","15","2","2","2","0","2","2","11","3","2","0","2","0","2","0","2","2","2","9","0","2","0","4","2","2","0","3","0","4","0","0","0","4","0","0","51","12","0","2","2","0","0","0","3","0","0","2","0","0","3","2","0","0","2","10","4","2","0","0","2","3","25"
"cell_19","2","2","0","12","0","2","0","0","16","0","7","12","12","0","5","2","3","2","0","2","0","0","2","2","0","2","2","0","0","3","2","10","2","0","8","0","0","2","0","0","2","2","0","0","2","3","2","0","9","3","8","0","0","0","2","0","27","2","2","8","0","2","2","0"
"cell_241","2","2","0","5","0","2","0","10","0","0","2","2","4","0","0","2","0","0","2","5","0","0","19","2","3","0","3","0","0","0","0","6","0","0","0","3","0","0","0","0","2","0","3","3","2","5","0","2","9","0","3","0","8","0","2","3","0","2","35","0","19","0","0","0"
"cell_158","0","3","5","5","2","4","2","4","0","0","0","2","0","0","0","3","0","0","0","0","3","0","8","5","0","0","0","2","9","2","2","6","3","0","3","0","0","0","5","0","2","2","0","0","2","2","0","5","12","2","2","2","0","2","0","2","2","0","0","2","0","0","12","0"
"cell_37","0","0","0","12","0","2","3","0","0","2","7","2","12","0","5","2","0","0","3","2","0","0","0","2","0","2","2","2","2","0","2","0","0","2","5","0","2","0","0","0","2","2","8","2","0","3","2","3","0","2","8","0","18","2","2","0","0","2","2","0","0","0","2","3"
"cell_233","2","2","2","5","0","0","0","10","23","0","2","2","4","2","0","0","10","0","2","5","0","0","0","2","3","0","3","0","3","0","0","6","2","0","4","0","0","0","0","2","2","0","3","0","2","5","0","0","9","0","0","0","0","2","5","3","2","2","35","0","3","0","2","2"
"cell_137","5","0","0","5","5","2","2","4","2","12","3","0","0","0","0","2","0","0","5","0","0","0","0","5","0","12","0","2","0","2","2","6","3","0","0","0","0","0","0","0","2","0","0","0","0","2","0","0","0","2","2","0","0","2","0","0","2","0","0","0","4","2","0","0"
"cell_1","3","2","0","12","0","2","0","0","0","0","7","0","12","5","5","2","0","3","0","2","0","2","0","2","29","2","2","2","2","0","2","0","0","0","2","2","0","0","2","0","2","2","0","3","2","3","2","0","0","0","8","0","40","0","2","0","27","2","2","0","0","2","2","4"
"cell_136","5","0","0","5","0","2","2","4","0","0","3","0","0","5","2","0","0","0","0","0","0","2","0","5","0","12","0","0","0","2","2","6","3","0","0","0","0","0","0","0","2","5","0","0","4","2","0","0","2","2","2","0","0","0","0","2","0","0","0","0","0","5","0","0"
"cell_130","5","0","0","5","0","2","2","4","0","0","3","0","0","0","2","0","12","0","3","0","0","0","0","5","0","12","0","0","0","2","2","6","3","3","2","0","0","0","0","0","2","0","0","0","0","2","0","0","0","2","2","0","0","0","2","0","0","0","0","0","0","0","0","0"
"cell_77","5","2","0","0","2","2","0","0","2","0","0","2","0","2","3","2","0","52","0","2","0","0","2","2","0","2","2","0","3","2","0","2","0","0","0","2","2","51","2","0","2","2","0","3","2","3","0","2","0","0","2","3","0","0","0","0","0","0","0","5","0","2","0","4"
"cell_154","3","3","5","5","2","0","2","4","0","0","0","2","0","0","0","3","0","0","0","0","3","0","8","5","5","2","2","2","9","2","2","6","3","0","0","0","0","0","0","0","2","0","3","2","0","2","0","0","2","2","2","0","0","2","0","2","2","0","0","2","0","0","0","0"
"cell_50","0","0","0","12","0","2","0","0","3","0","7","3","12","0","5","2","0","2","0","2","0","0","0","2","2","2","2","0","2","0","2","0","0","0","5","0","0","0","0","0","2","2","0","0","0","3","0","2","0","2","8","5","18","2","0","2","0","2","2","0","2","0","2","0"
"cell_100","8","2","3","0","2","2","0","5","2","2","0","0","2","2","0","2","0","2","2","2","0","2","2","0","0","2","2","2","3","0","0","15","4","2","4","0","5","51","0","0","2","2","2","0","0","3","8","0","0","2","0","0","0","0","0","3","0","6","0","2","0","0","0","25"
"cell_71","5","2","0","0","2","2","0","0","2","0","0","2","2","2","0","2","0","0","2","2","0","0","2","2","0","2","2","0","3","0","2","0","0","0","0","5","3","51","2","5","2","2","0","0","2","3","0","2","0","5","2","3","2","0","0","0","0","0","0","2","0","0","0","4"
"cell_88","5","0","0","0","2","2","0","2","2","0","0","3","2","2","0","2","5","3","0","2","0","0","2","2","0","2","2","2","3","0","0","0","3","0","0","0","0","51","2","0","2","2","2","0","2","3","2","2","2","0","0","3","0","0","0","0","0","0","0","4","5","0","0","4"
"cell_126","0","0","15","5","2","2","5","0","2","2","0","2","0","2","0","2","0","2","2","2","0","0","2","0","0","2","2","5","3","0","4","0","2","2","4","4","0","51","0","0","2","2","2","2","0","3","0","9","0","0","0","3","0","10","0","0","0","2","11","10","0","2","0","25"
"cell_17","2","2","0","12","0","2","0","0","16","0","7","0","12","0","5","2","3","2","2","2","0","0","0","2","0","2","2","0","5","3","2","10","2","0","8","0","4","2","0","2","2","2","0","0","2","3","2","0","9","3","8","0","0","0","2","0","27","2","2","8","0","2","2","0"
"cell_178","0","0","2","5","8","2","0","4","0","0","2","0","2","0","2","2","0","0","2","2","2","0","0","0","0","3","0","0","0","2","2","6","0","0","0","5","0","0","6","0","2","8","0","0","0","2","0","2","0","2","2","0","5","0","2","0","5","0","2","0","0","0","0","2"
"cell_124","0","2","15","5","2","2","0","0","2","2","2","2","0","2","0","2","0","2","2","2","0","0","2","4","0","2","2","0","3","0","4","0","0","2","4","0","0","51","0","0","2","2","0","0","0","3","0","0","4","0","0","3","0","10","0","0","0","0","0","10","0","2","0","25"
"cell_80","5","2","0","0","2","2","0","0","2","0","0","2","2","2","3","2","0","52","0","2","0","0","2","2","0","2","2","0","3","2","0","2","0","0","0","2","2","51","2","4","2","2","4","0","2","3","0","2","0","0","0","3","0","0","0","0","0","0","0","5","0","2","0","4"
"cell_34","0","0","0","12","0","2","5","0","0","2","7","2","12","0","5","2","0","0","3","2","0","0","0","2","0","2","2","0","2","0","2","0","2","2","5","0","3","0","0","0","2","2","0","0","0","3","2","3","0","0","8","0","18","0","0","0","0","2","2","0","0","0","2","0"
"cell_81","5","0","0","0","2","2","2","2","2","0","0","3","2","2","0","2","5","0","0","2","0","0","2","2","2","2","2","0","3","0","0","2","3","0","3","0","0","51","2","0","2","2","2","0","0","3","2","2","2","2","0","3","5","0","0","0","0","5","0","2","5","0","0","4"
"cell_222","2","22","6","5","2","2","3","10","0","0","0","2","0","0","0","12","2","4","2","5","0","0","3","0","0","0","0","0","0","0","3","6","0","0","2","5","2","2","0","0","2","0","3","0","0","0","2","2","5","2","0","2","0","0","5","3","2","2","35","0","2","0","2","0"
"cell_141","5","0","3","5","0","2","2","4","2","0","3","0","0","0","0","2","0","0","2","0","0","2","0","5","2","12","0","2","0","2","2","6","3","25","0","2","0","0","0","0","2","0","0","0","0","2","0","0","0","2","2","0","0","2","5","0","0","5","0","0","8","2","0","0"
"cell_235","2","2","2","5","0","0","0","10","23","0","0","2","4","2","0","0","10","0","2","5","0","0","0","2","3","0","3","0","3","0","0","6","0","0","0","0","0","0","0","2","2","0","3","0","2","5","0","2","9","0","0","0","0","2","5","3","2","2","35","0","3","0","0","2"
"cell_32","0","2","0","12","0","2","0","0","0","0","7","0","12","0","5","0","0","0","5","2","5","0","0","2","2","2","2","0","2","0","2","0","0","0","0","2","5","2","2","0","2","2","2","0","2","3","2","0","0","0","8","0","0","0","2","0","27","2","2","8","2","2","2","0"
"cell_135","5","0","0","5","0","2","2","4","0","0","3","0","0","5","2","0","0","0","0","0","0","2","0","5","0","12","0","0","0","2","2","6","3","0","0","0","0","0","0","0","2","5","0","0","4","2","0","0","2","2","2","0","0","0","0","2","0","0","0","0","0","5","0","0"
"cell_60","0","0","0","12","0","2","0","0","12","0","7","0","12","0","5","2","0","2","3","2","0","0","0","2","2","2","2","2","2","2","2","0","0","2","5","0","0","2","0","0","2","2","0","2","3","3","0","0","0","0","8","5","18","0","0","0","0","2","2","2","0","0","2","3"
"cell_33","0","0","0","12","0","2","5","0","0","2","7","2","12","0","5","2","0","0","3","2","0","0","0","2","0","2","2","0","2","0","2","0","2","2","5","0","3","0","0","0","2","2","0","0","0","3","2","3","0","0","8","0","18","0","0","0","0","2","2","0","0","0","2","0"
"cell_114","2","0","15","0","2","2","0","0","2","0","0","2","0","2","2","2","2","2","2","2","9","3","2","25","4","2","2","0","3","0","4","0","3","0","4","0","0","51","12","0","2","2","0","0","5","3","0","0","0","0","0","3","2","0","0","0","10","0","2","2","0","2","0","25"
"cell_116","2","0","15","0","2","2","0","0","2","0","0","2","0","2","2","2","2","2","2","2","9","3","2","0","4","2","2","0","3","0","4","0","3","0","4","0","0","51","12","0","2","2","0","0","5","3","0","0","0","0","0","3","2","0","0","0","10","0","2","2","0","2","0","25"
"cell_140","5","0","0","5","5","2","2","4","2","12","3","0","0","0","0","2","0","0","0","0","0","0","0","5","0","12","0","2","0","2","2","6","3","0","2","0","0","0","0","0","2","0","0","0","0","2","0","0","0","2","2","0","0","2","4","0","2","0","0","0","4","2","0","0"
"cell_41","0","0","0","12","0","2","0","0","0","0","7","2","12","0","5","2","0","5","0","2","0","0","0","2","0","2","2","0","2","0","2","0","0","2","5","0","0","0","0","2","2","2","2","9","0","3","0","3","0","0","8","0","18","0","0","0","2","2","2","0","0","0","2","5"
"cell_133","5","0","0","5","0","2","2","4","0","0","3","0","0","5","2","5","0","0","0","0","0","0","0","5","0","12","0","0","2","2","2","6","3","0","0","0","0","0","2","0","2","0","0","0","4","2","0","15","2","2","2","0","0","4","0","2","0","0","0","0","0","0","0","0"
"cell_47","0","0","0","12","2","2","0","0","0","0","7","2","12","0","5","2","0","0","2","2","0","0","2","2","0","2","2","0","2","0","2","0","0","2","5","0","0","0","0","2","2","2","2","4","2","3","0","3","0","0","8","2","18","0","2","5","2","2","2","0","0","0","2","5"
"cell_127","0","2","15","5","2","2","0","0","2","2","0","2","0","2","0","2","0","2","2","2","3","0","2","2","0","2","2","10","3","0","4","0","2","2","4","0","0","51","0","0","2","2","2","2","0","3","2","9","0","0","0","3","2","10","0","0","0","2","11","10","0","2","0","25"
"cell_194","2","0","0","5","2","0","3","10","0","2","0","2","0","0","2","12","0","2","2","5","2","21","0","0","2","5","0","0","3","0","3","6","0","0","2","0","2","2","0","0","2","0","3","0","0","2","0","2","23","2","5","0","0","0","3","3","2","2","35","0","0","0","5","0"
"cell_68","5","2","0","0","2","2","0","4","2","0","0","2","2","2","0","2","0","0","2","2","0","12","2","2","5","2","2","0","3","0","0","2","0","0","0","5","0","51","2","0","2","2","0","0","2","3","0","2","0","0","0","3","0","2","0","0","0","0","2","0","0","0","0","4"
"cell_230","2","2","0","5","0","0","0","10","2","0","0","2","4","2","0","0","0","0","2","5","7","0","0","0","0","0","3","0","0","0","0","6","0","0","0","10","0","0","0","2","2","3","3","0","2","5","0","0","9","0","0","0","0","2","0","3","2","2","35","2","3","0","0","2"
"cell_185","2","0","0","5","8","2","0","4","0","0","3","0","2","0","0","0","0","32","0","2","2","0","3","5","0","3","0","0","0","2","2","6","0","0","0","5","0","0","6","0","2","8","0","0","5","2","0","2","0","2","2","5","0","0","2","0","2","0","2","0","2","0","3","0"
"cell_160","0","3","5","5","2","4","2","4","0","0","0","2","0","0","0","3","0","0","0","0","3","0","8","5","0","0","0","2","9","2","2","6","3","0","3","0","0","0","5","0","2","2","0","0","2","2","0","0","12","2","2","3","0","2","0","2","2","0","0","2","0","0","12","8"
"cell_101","0","2","3","0","2","2","0","0","2","2","0","0","2","2","0","2","5","2","2","2","0","2","2","0","0","2","2","0","3","0","2","0","4","2","4","0","0","51","0","0","2","2","2","0","0","3","0","0","3","0","2","0","0","0","0","3","0","6","2","5","0","2","11","25"
"cell_22","2","2","0","12","3","2","0","2","16","0","7","0","12","0","5","0","3","2","0","2","2","0","2","2","0","2","2","0","5","0","2","3","5","2","0","2","2","2","0","0","2","2","0","0","2","3","2","0","9","0","8","0","2","0","2","0","27","2","2","8","0","2","2","0"
"cell_14","3","2","3","12","0","2","0","2","0","2","7","0","12","0","5","0","0","0","0","2","0","0","0","2","0","2","2","2","2","0","2","5","0","2","0","2","0","4","2","3","2","2","0","8","2","3","2","0","0","0","8","0","0","0","2","0","27","2","2","2","2","2","2","0"
"cell_48","0","0","0","12","2","2","0","0","0","0","7","2","12","0","5","2","0","0","2","2","0","0","2","2","0","2","2","0","2","0","2","0","0","2","5","0","0","0","0","2","2","2","2","4","2","3","0","3","0","0","8","2","18","0","2","5","2","2","2","0","0","0","2","5"
"cell_78","5","2","0","0","2","2","0","0","2","0","0","2","0","2","3","2","0","52","0","2","0","0","2","2","0","2","2","0","3","2","0","2","0","0","0","2","2","51","2","0","2","2","0","3","2","3","0","2","0","0","2","3","0","0","0","0","0","0","0","5","0","2","0","4"
"cell_221","2","22","6","5","2","2","3","10","0","0","0","2","0","0","0","12","2","4","2","5","0","0","3","0","0","0","0","0","0","0","3","6","0","0","2","5","2","2","0","0","2","0","3","0","0","0","2","2","5","2","0","2","0","0","5","3","2","2","35","0","2","0","2","0"
"cell_206","2","0","0","5","2","29","3","10","0","2","2","2","132","0","2","12","0","2","2","5","0","0","0","0","0","0","0","0","5","0","3","6","0","0","2","0","2","2","2","0","2","0","3","0","0","2","0","0","0","2","5","0","2","0","3","3","2","2","35","0","0","0","2","0"
"cell_179","0","0","2","5","8","2","0","4","4","0","2","0","2","0","2","2","0","0","2","2","2","0","0","0","0","3","2","0","0","2","2","6","0","0","0","5","0","0","6","2","2","8","0","0","2","2","0","2","0","2","2","0","5","0","2","0","0","2","2","0","0","0","0","2"
"cell_96","5","0","0","0","2","2","2","2","2","0","0","3","5","2","0","2","5","0","0","2","0","0","2","2","0","2","2","5","3","0","0","0","0","0","0","2","0","51","2","2","2","2","0","2","0","3","0","2","2","2","0","3","0","0","0","0","0","4","3","0","2","0","0","4"
"cell_21","2","2","0","12","3","2","0","2","16","0","7","0","12","0","5","0","3","2","0","2","2","0","2","2","0","2","2","0","5","0","2","3","5","2","0","2","2","2","0","0","2","2","0","0","2","3","2","0","9","0","8","0","2","0","2","0","27","2","2","8","0","2","2","0"
"cell_176","2","0","0","5","8","0","22","4","2","0","0","0","0","8","0","0","0","5","0","3","2","0","0","0","0","3","0","2","2","2","0","6","5","0","2","5","0","0","2","0","2","8","0","0","2","2","0","0","0","2","2","13","0","0","21","2","0","2","0","0","0","0","0","8"
"cell_97","0","2","3","0","2","2","5","5","2","2","0","0","2","2","0","2","0","2","2","2","0","2","2","0","2","2","2","18","3","0","0","0","4","2","4","0","5","51","0","2","2","2","2","0","0","3","0","3","2","2","0","0","0","0","0","3","0","6","0","2","0","0","0","25"
"cell_36","0","0","0","12","0","2","0","0","0","2","7","2","12","0","5","2","0","0","3","2","0","0","0","2","0","2","2","0","2","0","2","0","2","2","5","0","0","0","0","0","2","2","0","0","0","3","2","3","0","0","8","0","18","5","0","0","0","2","2","0","0","0","2","0"
"cell_10","3","2","0","12","0","2","2","0","0","0","7","0","12","0","5","0","0","0","0","2","0","0","0","2","3","2","2","2","2","0","2","5","0","0","0","2","3","0","2","3","2","2","2","8","2","3","2","0","0","0","8","0","0","0","2","2","27","2","2","2","0","2","2","0"
"cell_121","0","0","15","5","2","2","0","0","2","2","0","2","0","2","0","2","0","2","2","2","0","0","2","4","3","2","2","0","3","0","4","0","0","2","4","0","0","51","0","0","2","2","0","0","0","3","0","0","4","0","0","3","0","10","0","0","2","0","2","10","5","2","0","25"
"cell_112","38","0","2","0","2","2","0","0","2","2","0","0","0","2","0","2","0","2","2","2","2","5","2","5","2","2","2","0","3","0","0","0","4","2","4","8","25","51","3","0","2","2","2","0","0","3","0","0","0","2","0","0","2","0","0","3","0","6","0","0","0","0","0","25"
"cell_119","2","0","15","2","2","2","0","2","2","11","3","2","0","2","0","2","0","2","2","2","9","0","2","0","4","2","2","0","3","0","4","0","0","0","4","0","0","51","12","0","2","2","0","0","0","3","0","0","2","0","0","3","2","0","0","2","10","4","2","0","0","2","3","25"
"cell_61","0","2","0","12","0","2","2","0","0","0","7","0","12","0","5","2","0","2","3","2","0","0","0","2","2","2","2","0","2","2","2","4","0","0","5","2","0","0","3","0","2","2","0","0","5","3","0","0","0","0","8","5","18","0","0","0","0","2","2","0","0","0","2","3"
"cell_172","2","0","0","5","8","3","0","4","0","0","0","0","0","8","8","0","0","0","0","0","2","0","5","0","0","3","0","2","2","2","0","6","0","7","0","5","0","0","3","0","2","8","0","0","0","2","0","0","0","2","2","13","0","3","0","2","0","0","0","0","0","0","0","8"
"cell_93","5","0","0","0","2","2","2","2","2","0","0","3","0","2","0","2","5","0","0","2","0","0","2","2","0","2","2","0","3","2","0","0","0","0","0","2","0","51","2","0","2","2","0","2","0","3","0","2","2","0","0","3","0","0","0","0","2","0","2","2","2","0","0","4"
"cell_89","5","0","2","0","2","2","2","2","2","0","2","3","0","2","0","2","5","0","0","2","0","0","2","2","0","2","2","0","3","0","0","0","0","0","0","2","0","51","2","0","2","2","5","2","0","3","3","2","2","0","2","3","2","0","0","0","2","0","0","0","2","0","0","4"
"cell_102","0","2","3","0","2","2","0","0","2","2","0","0","2","2","0","2","5","2","2","2","0","2","2","0","0","2","2","0","3","0","2","0","4","2","4","0","0","51","0","0","2","2","2","0","0","3","0","0","3","0","2","0","0","0","0","3","0","6","2","5","0","2","11","25"
"cell_168","5","74","2","5","8","5","0","4","0","0","0","0","5","0","0","3","4","0","2","0","2","0","2","3","0","3","0","0","0","2","2","6","0","0","3","5","0","0","0","0","2","8","2","0","0","2","0","3","2","2","2","13","0","0","2","0","0","0","0","5","0","5","0","8"
"cell_159","0","3","5","5","2","4","2","4","0","0","0","2","0","0","0","3","0","0","0","0","3","0","8","5","0","0","0","2","9","2","2","6","3","0","3","0","0","0","5","0","2","2","0","0","2","2","0","0","12","2","2","3","0","2","0","2","2","0","0","2","0","0","12","8"
"cell_148","0","0","5","5","2","0","2","4","0","0","3","0","2","0","0","3","0","0","0","0","2","0","8","5","0","0","0","2","9","2","2","6","3","0","3","0","0","0","0","0","2","0","0","16","0","2","3","0","0","2","2","0","0","0","2","2","2","0","0","0","0","2","2","0"
"cell_204","2","0","2","5","2","29","3","10","0","2","0","2","0","0","2","12","0","2","2","5","0","0","0","5","0","0","0","0","0","0","3","6","2","0","2","0","2","2","2","0","2","2","3","0","0","2","9","0","0","2","2","0","0","0","3","3","2","2","35","0","0","0","2","0"
"cell_67","5","2","0","0","2","2","0","4","2","0","0","2","2","2","0","2","0","0","2","2","0","12","2","2","5","2","2","0","3","0","0","2","0","0","0","5","0","51","2","0","2","2","0","0","2","3","0","2","0","0","0","3","0","2","0","0","0","0","2","0","0","0","0","4"
"cell_6","3","2","0","12","2","2","2","12","0","0","7","0","12","5","5","0","0","0","2","2","0","2","85","2","2","2","2","2","2","0","2","0","0","2","0","2","0","0","2","0","2","2","0","3","2","3","2","79","0","0","8","0","0","0","2","0","27","2","2","0","0","2","2","2"
"cell_42","0","0","0","12","0","2","0","0","0","0","7","2","12","0","5","2","0","5","0","2","0","0","0","2","0","2","2","0","2","0","2","0","0","2","5","0","0","0","0","2","2","2","2","9","0","3","0","3","0","0","8","0","18","0","0","0","2","2","2","0","0","0","2","5"
"cell_247","2","2","0","5","0","0","2","10","0","0","2","2","4","8","0","0","0","0","2","5","0","0","0","2","0","0","3","3","0","0","0","6","0","0","0","3","0","0","0","0","2","4","3","3","2","5","0","2","9","0","3","0","8","0","2","3","0","2","35","2","0","0","0","0"
"cell_51","0","0","0","12","2","2","0","0","3","0","7","3","12","0","5","2","0","2","2","2","0","0","0","2","2","2","2","0","2","0","2","2","0","0","5","0","0","0","0","0","2","2","2","0","0","3","0","2","8","2","8","5","18","2","0","2","0","2","2","0","2","2","2","0"
"cell_174","2","0","0","5","8","0","0","4","0","0","0","0","0","8","0","0","0","5","0","3","2","0","2","0","0","3","2","2","2","2","0","6","5","0","0","5","0","0","2","0","2","8","0","13","0","2","0","0","0","2","2","13","3","0","21","2","0","0","0","0","0","0","0","8"
"cell_29","0","2","2","12","0","2","0","0","0","0","7","0","12","0","5","0","0","0","5","2","0","0","0","2","2","2","2","0","2","0","2","0","0","0","0","2","0","2","2","0","2","2","2","5","2","3","2","0","0","0","8","0","0","0","2","5","27","2","2","8","2","2","2","0"
"cell_74","5","2","0","0","2","2","0","0","2","0","0","2","0","2","3","2","2","52","0","2","4","0","2","2","0","2","2","2","3","2","0","2","0","0","2","2","2","51","2","0","2","2","0","0","2","3","0","2","2","3","9","3","0","0","3","0","0","0","2","4","0","0","0","4"
"cell_183","3","0","2","5","8","2","4","4","0","0","2","0","2","0","2","2","0","2","2","2","2","5","0","0","0","3","0","0","0","2","2","6","2","0","0","5","0","0","6","0","2","8","0","0","0","2","0","2","0","2","2","0","0","0","2","0","0","0","2","0","0","3","0","2"
"cell_228","2","2","0","5","0","2","0","10","0","0","0","2","4","2","0","0","0","2","2","5","0","11","0","0","0","0","3","0","0","0","2","6","0","2","0","0","0","0","0","0","2","3","3","0","2","5","0","0","9","0","0","0","0","2","0","3","2","2","35","0","3","0","0","2"
"cell_122","0","0","15","5","2","2","0","0","2","2","0","2","0","2","0","2","0","2","2","2","0","0","2","4","3","2","2","0","3","0","4","0","0","2","4","0","0","51","0","0","2","2","0","0","0","3","0","0","4","0","0","3","0","10","0","0","2","0","2","10","5","2","0","25"
"cell_256","2","2","0","5","0","0","0","10","2","0","0","2","4","0","0","2","2","0","2","5","0","0","0","2","2","0","3","8","3","0","0","6","0","0","2","3","0","3","2","0","2","0","3","3","2","5","2","2","9","0","0","0","2","0","2","3","0","2","35","0","2","0","0","3"
"cell_107","38","0","2","0","2","2","0","0","2","0","0","3","0","2","0","2","0","2","2","2","0","8","2","5","0","2","2","0","3","0","0","2","4","2","4","8","0","51","0","0","2","2","2","0","0","3","2","0","0","0","2","0","0","2","0","3","3","6","3","0","0","0","0","25"
"cell_70","5","2","5","0","2","2","0","0","2","0","0","2","2","2","0","2","0","2","2","2","0","0","2","2","0","2","2","0","3","0","2","0","0","0","0","5","0","51","2","5","2","2","0","0","2","3","0","2","0","0","2","3","0","0","2","0","0","0","0","2","0","0","0","4"
"cell_171","2","0","0","5","8","3","0","4","0","0","0","0","0","8","8","0","0","0","0","0","2","0","5","0","0","3","0","2","2","2","0","6","0","7","0","5","0","0","3","0","2","8","0","0","0","2","0","0","0","2","2","13","0","3","0","2","0","0","0","0","0","0","0","8"
"cell_86","5","0","0","0","2","2","0","2","2","0","4","3","2","2","0","2","5","0","0","2","0","5","2","2","0","2","2","0","3","0","0","0","3","0","0","0","0","51","2","0","2","2","2","5","2","3","0","2","2","0","0","3","0","5","0","0","0","0","0","4","5","0","0","4"
"cell_181","0","0","0","5","8","2","0","4","5","0","2","0","2","0","2","2","0","2","2","2","2","5","0","0","0","3","0","0","0","2","2","6","2","0","0","5","0","0","6","5","2","8","0","0","0","2","0","2","0","2","2","0","2","0","2","0","0","2","2","0","0","0","0","2"
"cell_236","2","2","2","5","0","0","0","10","23","0","0","2","4","2","0","0","10","0","2","5","0","0","0","2","3","0","3","0","3","0","0","6","0","0","0","0","0","0","0","2","2","0","3","0","2","5","0","2","9","0","0","0","0","2","5","3","2","2","35","0","3","0","0","2"
"cell_223","2","0","0","5","3","0","3","10","5","0","0","2","0","0","0","12","0","4","2","5","4","0","0","0","64","0","0","0","0","0","3","6","0","0","2","5","2","2","0","0","2","0","3","0","0","0","0","0","5","2","0","2","0","0","5","3","2","2","35","0","2","0","2","0"
"cell_98","0","2","3","0","2","2","5","5","2","2","0","0","2","2","0","2","0","2","2","2","0","2","2","0","2","2","2","18","3","0","0","0","4","2","4","0","5","51","0","2","2","2","2","0","0","3","0","3","2","2","0","0","0","0","0","3","0","6","0","2","0","0","0","25"
"cell_106","38","0","2","0","2","2","0","0","2","0","0","3","0","2","0","2","0","2","2","2","0","0","2","5","0","2","2","0","3","0","0","2","4","2","4","8","0","51","0","12","2","2","2","0","0","3","2","0","0","0","2","0","0","2","0","3","2","6","3","0","0","0","0","25"
"cell_128","0","2","15","5","2","2","0","0","2","2","0","2","0","2","0","2","0","2","2","2","3","0","2","2","0","2","2","10","3","0","4","0","2","2","4","0","0","51","0","0","2","2","2","2","0","3","2","9","0","0","0","3","2","10","0","0","0","2","11","10","0","2","0","25"
"cell_161","5","0","0","5","8","5","0","4","0","0","0","0","0","2","2","3","0","3","2","0","2","0","0","3","0","3","6","0","0","2","2","6","0","0","3","5","0","3","0","7","2","8","0","0","4","2","0","0","0","2","2","13","0","0","0","0","0","0","5","0","0","5","0","8"
"cell_218","2","2","2","5","23","0","3","10","2","0","0","2","4","3","0","12","0","4","2","5","0","0","0","0","0","0","0","0","0","0","3","6","0","0","2","0","2","2","0","0","2","3","3","0","0","0","0","13","5","2","0","2","0","0","5","3","2","2","35","0","0","4","0","0"
"cell_201","2","0","2","5","2","29","3","10","0","2","0","2","0","0","2","12","0","2","2","5","0","0","0","5","0","4","0","0","0","0","3","6","2","0","2","0","2","2","2","0","2","2","3","0","0","2","0","0","0","2","0","0","2","0","3","3","2","2","35","0","0","0","2","0"
"cell_196","2","0","0","5","2","0","3","10","0","2","0","2","0","0","2","12","0","2","2","5","0","21","0","0","0","5","0","0","0","0","3","6","0","0","2","0","2","2","0","0","2","0","3","0","2","2","0","2","0","2","0","0","0","0","3","3","2","2","35","0","0","0","5","0"
"cell_165","5","0","2","5","8","5","0","4","0","0","0","0","0","0","0","3","0","2","2","0","2","0","2","3","0","3","0","0","0","2","2","6","0","3","3","5","0","0","0","0","2","8","2","0","0","2","0","0","2","2","2","13","0","0","2","0","0","0","0","0","0","5","0","8"
"cell_254","2","2","0","5","0","0","0","10","0","0","4","2","4","0","0","2","2","0","2","5","0","0","0","2","2","0","3","0","0","0","0","6","0","0","2","3","2","0","2","2","2","0","3","3","2","5","0","2","9","0","0","0","2","0","2","3","0","2","35","0","2","0","0","3"
"cell_58","0","0","0","12","0","2","0","0","0","0","7","0","12","0","5","2","0","2","3","2","0","0","0","2","2","2","2","2","2","2","2","0","0","0","5","0","0","2","0","0","2","2","0","2","0","3","0","0","0","0","8","5","18","2","0","0","2","2","2","2","0","0","2","3"
"cell_72","5","2","0","0","2","2","0","0","2","0","0","2","2","2","0","2","0","0","2","2","0","0","2","2","0","2","2","0","3","0","2","0","0","0","0","5","3","51","2","5","2","2","0","0","2","3","0","2","0","5","2","3","2","0","0","0","0","0","0","2","0","0","0","4"
"cell_31","0","2","0","12","0","2","0","0","0","0","7","0","12","0","5","0","0","0","5","2","5","0","0","2","2","2","2","0","2","0","2","0","0","0","0","2","5","2","2","0","2","2","2","0","2","3","2","0","0","0","8","0","0","0","2","0","27","2","2","8","2","2","2","0"
"cell_239","2","2","0","5","0","0","0","10","0","0","0","2","4","2","0","0","10","0","2","5","0","0","0","2","3","2","3","4","0","0","0","6","0","6","0","0","0","5","0","0","2","2","3","0","2","5","0","0","9","0","0","0","0","2","0","3","2","2","35","5","3","0","11","0"
"cell_43","0","0","0","12","0","2","0","0","0","0","7","2","12","2","5","2","0","0","0","2","2","0","3","2","0","2","2","0","2","0","2","0","0","2","5","0","0","0","0","2","2","2","2","0","0","3","0","3","0","0","8","0","18","0","0","0","2","2","2","0","0","0","2","5"
"cell_9","3","2","0","12","0","2","2","0","0","0","7","0","12","0","5","0","0","0","0","2","0","0","0","2","3","2","2","2","2","0","2","5","0","0","0","2","3","0","2","3","2","2","2","8","2","3","2","0","0","0","8","0","0","0","2","2","27","2","2","2","0","2","2","0"
"cell_38","0","0","0","12","0","2","3","0","0","2","7","2","12","0","5","2","0","0","3","2","0","0","0","2","0","2","2","2","2","0","2","0","0","2","5","0","2","0","0","0","2","2","8","2","0","3","2","3","0","2","8","0","18","2","2","0","0","2","2","0","0","0","2","3"
"cell_202","2","0","2","5","2","29","3","10","0","2","0","2","0","0","2","12","0","2","2","5","0","0","0","5","0","4","0","0","0","0","3","6","2","0","2","0","2","2","2","0","2","2","3","0","0","2","0","0","0","2","0","0","2","0","3","3","2","2","35","0","0","0","2","0"
"cell_55","0","0","0","12","4","2","0","0","0","0","7","3","12","0","5","2","0","2","0","2","0","0","0","2","2","2","2","3","2","0","2","0","0","0","5","0","8","0","0","2","2","2","0","2","0","3","0","2","0","2","8","5","18","4","0","0","0","2","2","0","2","0","2","0"
"cell_152","0","0","5","5","2","0","2","4","0","0","0","8","0","0","9","3","0","0","0","0","0","0","8","5","0","0","0","0","9","2","2","6","3","2","0","0","0","0","0","0","2","0","3","0","0","2","0","0","0","2","2","0","0","0","0","2","2","0","0","5","0","2","0","0"
"cell_203","2","0","2","5","2","29","3","10","0","2","0","2","0","0","2","12","0","2","2","5","0","0","0","5","0","0","0","0","0","0","3","6","2","0","2","0","2","2","2","0","2","2","3","0","0","2","9","0","0","2","2","0","0","0","3","3","2","2","35","0","0","0","2","0"
"cell_189","2","0","0","5","8","2","0","4","0","0","0","0","0","0","0","5","5","32","0","2","2","0","0","5","3","3","21","0","0","2","2","6","0","0","0","5","0","0","6","0","2","8","0","0","0","2","0","2","0","2","2","0","0","2","2","0","2","0","2","0","2","0","3","0"
"cell_216","2","0","0","5","3","0","3","10","4","0","3","2","0","0","0","12","0","4","2","5","0","2","3","0","0","0","0","0","0","0","3","6","5","0","2","0","2","2","12","0","2","0","3","0","0","21","12","0","5","2","0","2","0","0","0","3","2","2","35","5","0","2","0","0"
"cell_211","2","0","0","5","3","0","3","10","0","0","3","2","0","2","0","12","0","4","2","5","0","2","0","0","0","0","0","0","0","0","3","6","0","0","2","0","2","2","0","0","2","0","3","0","9","21","12","0","5","2","0","2","0","0","2","3","2","2","35","0","0","0","0","0"
"cell_8","3","2","0","12","0","2","2","12","0","0","7","0","12","5","5","0","0","0","2","2","0","2","0","2","2","2","2","2","2","0","2","0","0","0","0","2","0","0","2","5","2","2","0","3","2","3","2","0","0","0","8","0","0","0","2","0","27","2","2","0","0","2","2","65"
"cell_229","2","2","0","5","0","0","0","10","2","0","0","2","4","2","0","0","0","0","2","5","7","0","0","0","0","0","3","0","0","0","0","6","0","0","0","10","0","0","0","2","2","3","3","0","2","5","0","0","9","0","0","0","0","2","0","3","2","2","35","2","3","0","0","2"
"cell_28","0","2","0","12","5","2","0","0","0","5","7","0","12","0","5","0","3","2","5","2","0","0","0","2","0","2","2","2","0","0","2","0","2","0","0","0","5","2","0","2","2","2","2","0","2","3","2","0","0","0","8","8","0","0","2","0","27","2","2","8","2","2","2","0"
"cell_92","5","0","2","0","2","2","2","2","2","0","2","3","0","2","0","2","5","0","0","2","3","0","2","2","0","2","2","0","3","0","0","0","0","0","0","2","0","51","2","0","2","2","5","2","0","3","0","2","2","0","2","3","0","0","0","0","2","0","0","0","2","0","0","4"
"cell_85","5","0","0","0","2","2","0","2","2","0","4","3","2","2","0","2","5","0","0","2","0","5","2","2","0","2","2","0","3","0","0","0","3","0","0","0","0","51","2","0","2","2","2","5","2","3","0","2","2","0","0","3","0","5","0","0","0","0","0","4","5","0","0","4"
"cell_143","5","0","0","5","0","2","2","4","2","0","3","0","0","0","0","2","0","0","2","0","0","2","6","5","0","12","0","2","0","2","2","6","3","25","0","0","0","0","0","0","2","0","0","0","0","2","0","4","0","2","2","0","0","2","5","0","0","5","0","3","0","2","0","0"
"cell_166","5","0","2","5","8","5","0","4","0","0","0","0","0","0","0","3","0","2","2","0","2","0","2","3","0","3","0","0","0","2","2","6","0","3","3","5","0","0","0","0","2","8","2","0","0","2","0","0","2","2","2","13","0","0","2","0","0","0","0","0","0","5","0","8"
"cell_182","0","0","0","5","8","2","0","4","5","0","2","0","2","0","2","2","0","2","2","2","2","5","0","0","0","3","0","0","0","2","2","6","2","0","0","5","0","0","6","5","2","8","0","0","0","2","0","2","0","2","2","0","2","0","2","0","0","2","2","0","0","0","0","2"
"cell_44","0","0","0","12","0","2","0","0","0","0","7","2","12","2","5","2","0","0","0","2","2","0","3","2","0","2","2","0","2","0","2","0","0","2","5","0","0","0","0","2","2","2","2","0","0","3","0","3","0","0","8","0","18","0","0","0","2","2","2","0","0","0","2","5"
"cell_26","0","2","0","12","5","2","0","0","0","5","7","0","12","0","5","0","0","0","5","2","0","0","0","2","0","2","2","0","0","0","2","0","2","0","0","0","5","2","0","2","2","2","2","0","2","3","2","0","0","0","8","8","0","0","2","0","27","2","2","8","2","2","2","0"
"cell_7","3","2","0","12","0","2","2","12","0","0","7","0","12","5","5","0","0","0","2","2","0","2","0","2","2","2","2","2","2","0","2","0","0","0","0","2","0","0","2","5","2","2","0","3","2","3","2","0","0","0","8","0","0","0","2","0","27","2","2","0","0","2","2","65"
"cell_188","2","0","0","5","8","2","0","4","0","0","3","0","2","0","0","0","0","32","4","2","2","0","3","5","0","3","0","0","0","2","2","6","0","0","0","5","0","0","6","0","2","8","0","0","5","2","0","2","0","2","2","0","0","0","2","0","2","0","2","0","2","0","3","0"
"cell_73","5","2","0","0","2","2","0","0","2","0","0","2","0","2","3","2","2","52","0","2","4","0","2","2","0","2","2","2","3","2","0","2","0","0","2","2","2","51","2","0","2","2","0","0","2","3","0","2","2","3","9","3","0","0","3","0","0","0","2","4","0","0","0","4"
"cell_12","3","2","0","12","0","2","2","0","0","2","7","0","12","0","5","0","0","0","0","2","0","0","0","2","0","2","2","2","2","0","2","5","0","0","0","2","0","0","2","3","2","2","0","8","2","3","2","0","0","0","8","2","0","2","2","9","27","2","2","0","0","2","2","0"
"cell_244","2","2","3","5","0","0","0","10","0","0","2","2","4","0","0","2","0","0","2","5","0","0","0","2","3","0","3","0","0","0","0","6","0","0","0","3","0","0","0","0","2","5","3","3","2","5","0","2","9","0","3","0","8","0","2","3","0","2","35","0","19","0","0","0"
"cell_214","2","0","0","5","3","0","3","10","0","2","3","2","0","0","0","12","0","4","2","5","0","2","0","2","0","0","0","3","0","0","3","6","5","0","2","0","2","2","0","0","2","0","3","2","0","21","12","0","5","2","0","2","0","0","0","3","2","2","35","5","0","2","0","0"
"cell_118","2","0","15","0","2","2","0","2","2","11","0","2","0","2","0","2","8","2","2","2","9","0","2","25","4","2","2","0","3","0","4","2","0","0","4","0","0","51","12","0","2","2","0","0","0","3","0","0","0","0","3","3","2","0","0","2","10","4","2","0","0","2","0","25"
"cell_173","2","0","0","5","8","0","0","4","0","0","0","0","0","8","0","0","0","5","0","3","2","0","2","0","0","3","2","2","2","2","0","6","5","0","0","5","0","0","2","0","2","8","0","13","0","2","0","0","0","2","2","13","3","0","21","2","0","0","0","0","0","0","0","8"
"cell_169","2","0","0","5","8","0","0","4","0","0","0","2","0","8","8","0","3","0","0","0","2","0","0","0","0","3","0","2","2","2","0","6","0","7","2","5","0","0","3","0","2","8","0","0","0","2","0","0","0","2","2","13","0","3","0","2","0","0","0","0","0","0","0","8"
"cell_76","5","2","0","0","2","2","2","0","2","0","0","2","0","2","3","2","0","52","0","2","4","0","2","2","0","2","2","0","3","2","0","2","0","0","0","2","2","51","2","0","2","2","0","0","2","3","0","2","2","3","9","3","0","0","0","0","2","0","2","0","0","0","2","4"
"cell_162","5","0","0","5","8","5","0","4","0","0","0","0","0","2","2","3","0","3","2","0","2","0","0","3","0","3","6","0","0","2","2","6","0","0","3","5","0","3","0","7","2","8","0","0","4","2","0","0","0","2","2","13","0","0","0","0","0","0","5","0","0","5","0","8"
"cell_192","2","0","0","5","8","2","0","4","0","0","0","0","0","0","0","5","5","32","0","2","2","0","0","5","0","3","0","0","0","2","2","6","0","0","0","5","0","0","6","0","2","8","0","0","0","2","3","2","0","2","2","0","0","2","2","0","0","0","2","0","2","0","3","0"
"cell_49","0","0","0","12","0","2","0","0","3","0","7","3","12","0","5","2","0","2","0","2","0","0","0","2","2","2","2","0","2","0","2","0","0","0","5","0","0","0","0","0","2","2","0","0","0","3","0","2","0","2","8","5","18","2","0","2","0","2","2","0","2","0","2","0"
"cell_252","2","2","8","5","0","0","0","10","0","0","0","2","4","37","5","0","2","0","2","5","0","0","0","2","2","3","3","0","0","0","2","6","5","0","2","3","0","2","0","0","2","10","3","3","2","5","0","2","9","0","0","0","0","0","2","3","0","2","35","0","2","6","0","0"
"cell_191","2","0","0","5","8","2","0","4","0","0","0","0","0","0","0","5","5","32","0","2","2","0","0","5","0","3","0","0","0","2","2","6","0","0","0","5","0","0","6","0","2","8","0","0","0","2","3","2","0","2","2","0","0","2","2","0","0","0","2","0","2","0","3","0"
"cell_139","5","0","0","5","5","2","2","4","2","12","3","0","0","0","0","2","0","0","0","0","0","0","0","5","0","12","0","2","0","2","2","6","3","0","2","0","0","0","0","0","2","0","0","0","0","2","0","0","0","2","2","0","0","2","4","0","2","0","0","0","4","2","0","0"
"cell_147","0","0","5","5","2","0","2","4","0","0","3","0","2","0","0","3","0","0","0","0","2","0","8","5","0","0","0","2","9","2","2","6","3","0","3","0","0","0","0","0","2","0","0","16","0","2","3","0","0","2","2","0","0","0","2","2","2","0","0","0","0","2","2","0"
"cell_13","3","2","3","12","0","2","0","2","0","2","7","0","12","0","5","0","0","0","0","2","0","0","0","2","0","2","2","2","2","0","2","5","0","2","0","2","0","4","2","3","2","2","0","8","2","3","2","0","0","0","8","0","0","0","2","0","27","2","2","2","2","2","2","0"
"cell_217","2","2","2","5","23","0","3","10","2","0","0","2","4","3","0","12","0","4","2","5","0","0","0","0","0","0","0","0","0","0","3","6","0","0","2","0","2","2","0","0","2","3","3","0","0","0","0","13","5","2","0","2","0","0","5","3","2","2","35","0","0","4","0","0"
"cell_156","2","3","5","5","2","0","2","4","0","0","0","2","0","0","0","3","0","0","0","0","3","0","8","5","5","0","2","2","9","2","2","6","3","0","3","0","0","5","0","0","2","0","3","2","0","2","0","0","2","2","2","2","0","2","0","2","2","2","0","2","3","0","0","2"
"cell_45","0","0","0","12","2","2","0","0","0","0","7","2","12","2","5","2","0","0","0","2","0","0","2","2","0","2","2","0","2","0","2","0","0","2","5","0","0","0","0","2","2","2","2","0","2","3","0","3","0","0","8","0","18","0","0","5","2","2","2","0","0","0","2","5"
"cell_103","0","2","3","0","2","2","0","0","2","2","2","0","2","2","0","2","5","2","2","2","0","2","2","0","0","2","2","0","3","0","2","0","4","2","4","0","0","51","0","0","2","2","2","0","0","3","0","0","3","0","0","0","0","0","0","3","0","6","2","5","0","2","0","25"
"cell_207","2","0","0","5","2","29","3","10","0","2","0","2","0","0","2","12","0","2","2","5","10","0","0","0","0","0","0","0","0","0","3","6","0","0","2","0","2","2","2","0","2","3","3","0","0","2","0","0","0","2","5","0","0","0","3","3","2","2","35","0","0","0","2","0"
"cell_53","0","0","0","12","0","2","0","0","0","0","7","3","12","0","5","2","0","2","0","2","0","0","0","2","2","2","2","3","2","0","2","0","0","0","5","0","0","0","0","2","2","2","0","2","0","3","0","2","0","2","8","5","18","4","0","0","0","2","2","0","2","0","2","0"
"cell_105","38","0","2","0","2","2","0","0","2","0","0","3","0","2","0","2","0","2","2","2","0","0","2","5","0","2","2","0","3","0","0","2","4","2","4","8","0","51","0","12","2","2","2","0","0","3","2","0","0","0","2","0","0","2","0","3","2","6","3","0","0","0","0","25"
"cell_25","0","2","0","12","5","2","0","0","0","5","7","0","12","0","5","0","0","0","5","2","0","0","0","2","0","2","2","0","0","0","2","0","2","0","0","0","5","2","0","2","2","2","2","0","2","3","2","0","0","0","8","8","0","0","2","0","27","2","2","8","2","2","2","0"
"cell_125","0","0","15","5","2","2","5","0","2","2","0","2","0","2","0","2","0","2","2","2","0","0","2","0","0","2","2","5","3","0","4","0","2","2","4","4","0","51","0","0","2","2","2","2","0","3","0","9","0","0","0","3","0","10","0","0","0","2","11","10","0","2","0","25"
"cell_66","5","2","0","0","2","2","0","4","2","0","0","2","0","2","0","2","0","0","2","2","0","12","2","2","0","2","2","0","3","0","0","0","2","5","0","5","2","51","2","0","2","2","0","0","2","3","0","2","0","0","2","3","0","3","0","0","0","0","2","0","0","0","0","4"
"cell_255","2","2","0","5","0","0","0","10","2","0","0","2","4","0","0","2","2","0","2","5","0","0","0","2","2","0","3","8","3","0","0","6","0","0","2","3","0","3","2","0","2","0","3","3","2","5","2","2","9","0","0","0","2","0","2","3","0","2","35","0","2","0","0","3"
"cell_180","0","0","2","5","8","2","0","4","4","0","2","0","2","0","2","2","0","0","2","2","2","0","0","0","0","3","2","0","0","2","2","6","0","0","0","5","0","0","6","2","2","8","0","0","2","2","0","2","0","2","2","0","5","0","2","0","0","2","2","0","0","0","0","2"
"cell_245","2","2","0","5","0","0","0","10","0","0","2","2","4","8","0","2","0","0","2","5","2","0","0","2","0","0","3","3","0","0","2","6","0","0","2","3","0","0","0","0","2","0","3","3","2","5","0","2","9","0","3","0","8","0","2","3","0","2","35","2","0","0","0","0"
"cell_249","2","2","0","5","0","0","0","10","0","0","0","2","4","0","5","0","2","0","2","5","0","0","0","2","2","3","3","0","0","0","2","6","5","0","2","3","0","0","2","0","2","10","3","3","2","5","0","2","9","2","2","0","0","0","2","3","0","2","35","0","2","6","2","0"
"cell_59","0","0","0","12","0","2","0","0","12","0","7","0","12","0","5","2","0","2","3","2","0","0","0","2","2","2","2","2","2","2","2","0","0","2","5","0","0","2","0","0","2","2","0","2","3","3","0","0","0","0","8","5","18","0","0","0","0","2","2","2","0","0","2","3"
"cell_232","2","2","0","5","2","0","0","10","0","0","0","2","4","2","0","0","2","4","2","5","0","0","0","0","2","0","3","0","0","0","0","6","0","0","0","0","0","0","0","2","2","3","3","2","2","5","0","0","9","0","0","0","2","2","0","3","2","2","35","0","3","0","0","2"
"cell_227","2","2","0","5","0","2","0","10","0","0","0","2","4","2","0","0","0","2","2","5","0","11","0","0","0","0","3","0","0","0","2","6","0","2","0","0","0","0","0","0","2","3","3","0","2","5","0","0","9","0","0","0","0","2","0","3","2","2","35","0","3","0","0","2"
"cell_64","0","0","0","12","0","2","0","0","2","0","7","2","12","0","5","2","0","2","3","2","0","0","0","2","2","2","2","0","2","2","2","0","0","0","5","2","0","2","3","0","2","2","0","0","5","3","0","0","0","2","8","5","18","0","0","0","2","2","2","0","0","0","2","3"
"cell_146","0","0","5","5","2","0","2","4","0","0","0","0","2","0","0","3","0","0","0","0","2","3","8","5","0","5","0","0","9","2","2","6","3","0","3","0","0","0","0","0","2","0","0","0","0","2","0","0","0","2","2","0","0","2","2","2","2","0","0","0","0","2","2","0"
"cell_99","8","2","3","0","2","2","0","5","2","2","0","0","2","2","0","2","0","2","2","2","0","2","2","0","0","2","2","2","3","0","0","15","4","2","4","0","5","51","0","0","2","2","2","0","0","3","8","0","0","2","0","0","0","0","0","3","0","6","0","2","0","0","0","25"
"cell_63","0","0","0","12","0","2","0","0","2","0","7","2","12","0","5","2","0","2","3","2","0","0","0","2","2","2","2","0","2","2","2","0","0","0","5","2","0","2","3","0","2","2","0","0","5","3","0","0","0","2","8","5","18","0","0","0","2","2","2","0","0","0","2","3"
"cell_251","2","2","8","5","0","0","0","10","0","0","0","2","4","37","5","0","2","0","2","5","0","0","0","2","2","3","3","0","0","0","2","6","5","0","2","3","0","2","0","0","2","10","3","3","2","5","0","2","9","0","0","0","0","0","2","3","0","2","35","0","2","6","0","0"
"cell_46","0","0","0","12","2","2","0","0","0","0","7","2","12","2","5","2","0","0","0","2","0","0","2","2","0","2","2","0","2","0","2","0","0","2","5","0","0","0","0","2","2","2","2","0","2","3","0","3","0","0","8","0","18","0","0","5","2","2","2","0","0","0","2","5"
"cell_231","2","2","0","5","2","0","0","10","0","0","0","2","4","2","0","0","2","4","2","5","0","0","0","0","2","0","3","0","0","0","0","6","0","0","0","0","0","0","0","2","2","3","3","2","2","5","0","0","9","0","0","0","2","2","0","3","2","2","35","0","3","0","0","2"
"cell_117","2","0","15","0","2","2","0","2","2","11","0","2","0","2","0","2","8","2","2","2","9","0","2","25","4","2","2","0","3","0","4","2","0","0","4","0","0","51","12","0","2","2","0","0","0","3","0","0","0","0","3","3","2","0","0","2","10","4","2","0","0","2","0","25"
"cell_215","2","0","0","5","3","0","3","10","4","0","3","2","0","0","0","12","0","4","2","5","0","2","3","0","0","0","0","0","0","0","3","6","5","0","2","0","2","2","12","0","2","0","3","0","0","21","12","0","5","2","0","2","0","0","0","3","2","2","35","5","0","2","0","0"
"cell_111","38","0","2","0","2","2","0","0","2","2","0","0","0","2","0","2","0","2","2","2","2","5","2","5","2","2","2","0","3","0","0","0","4","2","4","8","25","51","3","0","2","2","2","0","0","3","0","0","0","2","0","0","2","0","0","3","0","6","0","0","0","0","0","25"
"cell_248","2","2","0","5","0","0","2","10","0","0","2","2","4","8","0","0","0","0","2","5","0","0","0","2","0","0","3","3","0","0","0","6","0","0","0","3","0","0","0","0","2","4","3","3","2","5","0","2","9","0","3","0","8","0","2","3","0","2","35","2","0","0","0","0"
"cell_199","2","0","0","5","2","0","3","10","2","2","0","2","0","0","2","12","0","2","2","5","0","21","0","0","3","5","0","2","0","2","3","6","0","4","2","29","2","2","0","3","2","0","3","2","0","2","0","2","0","2","0","5","2","0","3","3","2","2","35","0","0","0","5","0"
"cell_253","2","2","0","5","0","0","0","10","0","0","4","2","4","0","0","2","2","0","2","5","0","0","0","2","2","0","3","0","0","0","0","6","0","0","2","3","2","0","2","2","2","0","3","3","2","5","0","2","9","0","0","0","2","0","2","3","0","2","35","0","2","0","0","3"
"cell_65","5","2","0","0","2","2","0","4","2","0","0","2","0","2","0","2","0","0","2","2","0","12","2","2","0","2","2","0","3","0","0","0","2","5","0","5","2","51","2","0","2","2","0","0","2","3","0","2","0","0","2","3","0","3","0","0","0","0","2","0","0","0","0","4"
"cell_237","2","2","0","5","0","0","0","10","0","0","0","2","4","2","0","0","10","0","2","5","0","0","0","2","3","2","3","4","0","0","0","6","0","2","0","0","0","5","0","0","2","2","3","0","2","5","0","0","9","0","0","0","0","2","2","3","2","2","35","5","3","0","11","0"
"cell_238","2","2","0","5","0","0","0","10","0","0","0","2","4","2","0","0","10","0","2","5","0","0","0","2","3","2","3","4","0","0","0","6","0","2","0","0","0","5","0","0","2","2","3","0","2","5","0","0","9","0","0","0","0","2","2","3","2","2","35","5","3","0","11","0"
"cell_110","38","0","2","0","2","2","0","0","2","2","0","0","0","2","2","2","0","2","2","2","2","0","2","5","0","2","2","0","3","0","0","0","4","2","4","8","0","51","3","0","2","2","2","0","0","3","0","0","0","2","0","0","0","0","0","3","0","6","0","0","0","0","2","25"
"cell_195","2","0","0","5","2","0","3","10","0","2","0","2","0","0","2","12","0","2","2","5","0","21","0","0","0","5","0","0","0","0","3","6","0","0","2","0","2","2","0","0","2","0","3","0","2","2","0","2","0","2","0","0","0","0","3","3","2","2","35","0","0","0","5","0"
"cell_123","0","2","15","5","2","2","0","0","2","2","2","2","0","2","0","2","0","2","2","2","0","0","2","4","0","2","2","0","3","0","4","0","0","2","4","0","0","51","0","0","2","2","0","0","0","3","0","0","4","0","0","3","0","10","0","0","0","0","0","10","0","2","0","25"
"cell_170","2","0","0","5","8","0","0","4","0","0","0","2","0","8","8","0","3","0","0","0","2","0","0","0","0","3","0","2","2","2","0","6","0","7","2","5","0","0","3","0","2","8","0","0","0","2","0","0","0","2","2","13","0","3","0","2","0","0","0","0","0","0","0","8"
"cell_54","0","0","0","12","0","2","0","0","0","0","7","3","12","0","5","2","0","2","0","2","0","0","0","2","2","2","2","3","2","0","2","0","0","0","5","0","0","0","0","2","2","2","0","2","0","3","0","2","0","2","8","5","18","4","0","0","0","2","2","0","2","0","2","0"
"cell_213","2","0","0","5","3","0","3","10","0","2","3","2","0","0","0","12","0","4","2","5","0","2","0","2","0","0","0","3","0","0","3","6","5","0","2","0","2","2","0","0","2","0","3","2","0","21","12","0","5","2","0","2","0","0","0","3","2","2","35","5","0","2","0","0"
"cell_149","0","0","5","5","2","0","2","4","0","0","2","0","0","0","0","3","9","0","0","0","0","0","8","5","0","0","0","0","9","2","2","6","3","2","0","0","0","0","0","0","2","0","3","0","0","2","0","0","14","2","2","0","0","0","0","2","2","0","0","5","21","2","2","0"
"cell_242","2","2","0","5","0","2","0","10","0","0","2","2","4","0","0","2","0","0","2","5","0","0","19","2","3","0","3","0","0","0","0","6","0","0","0","3","0","0","0","0","2","0","3","3","2","5","0","2","9","0","3","0","8","0","2","3","0","2","35","0","19","0","0","0"
"cell_56","0","0","0","12","4","2","0","0","0","0","7","3","12","0","5","2","0","2","0","2","0","0","0","2","2","2","2","3","2","0","2","0","0","0","5","0","8","0","0","2","2","2","0","2","0","3","0","2","0","2","8","5","18","4","0","0","0","2","2","0","2","0","2","0"
"cell_190","2","0","0","5","8","2","0","4","0","0","0","0","0","0","0","5","5","32","0","2","2","0","0","5","3","3","21","0","0","2","2","6","0","0","0","5","0","0","6","0","2","8","0","0","0","2","0","2","0","2","2","0","0","2","2","0","2","0","2","0","2","0","3","0"
"cell_15","3","2","0","12","0","2","0","0","0","2","7","0","12","0","5","5","0","5","0","2","0","0","0","2","0","2","2","2","2","8","2","5","0","2","0","2","0","0","2","3","2","2","0","8","2","3","2","0","0","0","8","0","0","0","2","0","27","2","2","2","4","2","2","3"
"cell_79","5","2","0","0","2","2","0","0","2","0","0","2","2","2","3","2","0","52","0","2","0","0","2","2","0","2","2","0","3","2","0","2","0","0","0","2","2","51","2","4","2","2","4","0","2","3","0","2","0","0","0","3","0","0","0","0","0","0","0","5","0","2","0","4"
"cell_138","5","0","0","5","5","2","2","4","2","12","3","0","0","0","0","2","0","0","5","0","0","0","0","5","0","12","0","2","0","2","2","6","3","0","0","0","0","0","0","0","2","0","0","0","0","2","0","0","0","2","2","0","0","2","0","0","2","0","0","0","4","2","0","0"
"cell_163","5","0","0","5","8","5","2","4","0","0","0","0","0","0","2","3","0","3","2","0","2","0","0","3","0","3","0","0","0","2","2","6","0","0","3","5","0","0","0","7","2","8","0","0","0","2","0","0","2","2","2","13","0","0","0","0","0","0","0","0","0","5","0","8"
"cell_18","2","2","0","12","0","2","0","0","16","0","7","0","12","0","5","2","3","2","2","2","0","0","0","2","0","2","2","0","5","3","2","10","2","0","8","0","4","2","0","2","2","2","0","0","2","3","2","0","9","3","8","0","0","0","2","0","27","2","2","8","0","2","2","0"
"cell_3","3","2","4","12","0","2","2","0","0","0","7","16","12","5","5","0","0","0","0","2","0","2","0","2","29","2","2","2","2","3","2","0","0","3","2","2","0","0","2","2","2","2","0","3","2","3","2","20","0","0","8","0","40","0","2","0","27","2","2","0","0","2","2","4"
"cell_144","5","0","0","5","0","2","2","4","2","0","3","0","0","0","0","2","0","0","2","0","0","2","6","5","0","12","0","2","0","2","2","6","3","25","0","0","0","0","0","0","2","0","0","0","0","2","0","4","0","2","2","0","0","2","5","0","0","5","0","3","0","2","0","0"
"cell_4","3","2","4","12","0","2","2","0","0","0","7","16","12","5","5","0","0","0","0","2","0","2","0","2","29","2","2","2","2","3","2","0","0","3","2","2","0","0","2","2","2","2","0","3","2","3","2","20","0","0","8","0","40","0","2","0","27","2","2","0","0","2","2","4"
"cell_193","2","0","0","5","2","0","3","10","0","2","0","2","0","0","2","12","0","2","2","5","2","21","0","0","2","5","0","0","3","0","3","6","0","0","2","0","2","2","0","0","2","0","3","0","0","2","0","2","23","2","5","0","0","0","3","3","2","2","35","0","0","0","5","0"
"cell_23","2","2","0","12","0","2","0","0","16","0","7","0","12","0","5","0","3","2","0","2","2","0","0","2","0","2","2","0","5","0","2","0","5","2","0","0","0","2","0","0","2","2","0","0","2","3","2","0","9","0","8","0","2","0","2","0","27","2","2","8","0","2","2","0"
"cell_30","0","2","2","12","0","2","0","0","0","0","7","0","12","0","5","0","0","0","5","2","0","0","0","2","2","2","2","0","2","0","2","0","0","0","0","2","0","2","2","0","2","2","2","5","2","3","2","0","0","0","8","0","0","0","2","5","27","2","2","8","2","2","2","0"
"cell_226","2","2","0","5","0","2","0","10","33","0","0","2","4","2","0","0","0","0","2","5","0","0","0","0","0","0","3","0","0","0","2","6","0","2","0","0","0","0","2","0","2","3","3","0","2","5","0","0","9","0","74","0","0","2","0","3","2","2","35","0","3","0","0","2"
"cell_142","5","0","3","5","0","2","2","4","2","0","3","0","0","0","0","2","0","0","2","0","0","2","0","5","2","12","0","2","0","2","2","6","3","25","0","2","0","0","0","0","2","0","0","0","0","2","0","0","0","2","2","0","0","2","5","0","0","5","0","0","8","2","0","0"
"cell_132","5","0","0","5","0","2","2","4","0","2","3","0","0","0","2","0","0","0","3","2","2","0","0","5","0","12","0","46","0","2","2","6","3","0","0","0","0","2","0","0","2","0","0","0","0","2","0","0","0","2","2","0","0","0","2","0","0","0","0","0","0","0","0","0"
"cell_69","5","2","5","0","2","2","0","0","2","0","0","2","2","2","0","2","0","2","2","2","0","0","2","2","0","2","2","0","3","0","2","0","0","0","0","5","0","51","2","5","2","2","0","0","2","3","0","2","0","0","2","3","0","0","2","0","0","0","0","2","0","0","0","4"
"cell_167","5","74","2","5","8","5","0","4","0","0","0","0","5","0","0","3","4","0","2","0","2","0","2","3","0","3","0","0","0","2","2","6","0","0","3","5","0","0","0","0","2","8","2","0","0","2","0","3","2","2","2","13","0","0","2","0","0","0","0","5","0","5","0","8"
